feature,iv,importance,target_corr,psi,dimension,selected
basework_years,0.4667604238128825,0.001469466,-0.008632400652539915,0.7264050215071389,​​职业与收入稳定性​​,False
card_acnt_v0100000,0.1754708246080705,0.0,0.0016594310960615598,0.23048115404940825,​​职业与收入稳定性​​,True
card_acnt_v0100005,0.1888755054196145,0.0067748553,0.014891060262774949,0.23451455618476816,​​职业与收入稳定性​​,True
card_acnt_v0100021,0.24891853640479025,0.00060293823,-0.009019531968351391,0.23377625807863464,​​职业与收入稳定性​​,True
card_acnt_v0100022,0.24894366096612208,0.0,-0.008931908951124909,0.23431778977972145,​​职业与收入稳定性​​,True
card_acnt_v0100023,0.23749943026889206,0.0,-0.00901070192989981,0.233370275215082,​​职业与收入稳定性​​,True
card_acnt_v0100024,0.2705808191025514,0.0,-0.008797564409914279,0.2318318033601948,​​职业与收入稳定性​​,True
card_acnt_v0100025,0.2559226933772878,0.0007828512,-0.01037497128094657,0.23089131550258266,​​职业与收入稳定性​​,True
card_acnt_v0100026,0.24078462699646894,6.6365144e-05,-0.008334319280051291,0.2330675612940965,​​职业与收入稳定性​​,True
card_acnt_v0100027,0.2501019858557354,0.0,-0.00913766940428956,0.232869297107501,​​职业与收入稳定性​​,True
card_acnt_v0100028,0.2449864034375468,0.0058441074,-0.012917684509957249,0.24523376864168672,​​职业与收入稳定性​​,True
card_acnt_v0100029,0.26035907712958756,0.0,-0.012811073594667141,0.2434165219772732,​​职业与收入稳定性​​,True
card_acnt_v0100030,0.2651930142966506,0.0,-0.012884911065327612,0.2415006474044647,​​职业与收入稳定性​​,True
card_acnt_v0100031,0.2589524127610135,0.0,-0.012538182210056117,0.24168895512584834,​​职业与收入稳定性​​,True
card_acnt_v0100032,0.24112366372069166,0.01664179,-0.012900982951507793,0.2420869814953988,​​职业与收入稳定性​​,True
card_acnt_v0100033,0.23220297369052106,0.00112872,-0.010378552918466104,0.23963628587588268,​​职业与收入稳定性​​,True
card_acnt_v0100034,0.2444154275140495,0.0,-0.012918711034504043,0.2465108714228682,​​职业与收入稳定性​​,True
card_acnt_v0100035,0.17716479076441133,0.0,-0.005696049838962557,0.230566953686376,​​职业与收入稳定性​​,True
card_acnt_v0100036,0.17623964110862098,0.0,-0.005620419271352092,0.23043334562590087,​​职业与收入稳定性​​,True
card_acnt_v0100037,0.18816198722815655,0.0,-0.0055634462318522905,0.23221095098652644,​​职业与收入稳定性​​,True
card_acnt_v0100038,0.17807398693776774,0.0,-0.005371076405673988,0.23016613943493763,​​职业与收入稳定性​​,True
card_acnt_v0100039,0.2176505310838858,0.0,-0.008852674440254345,0.23433244099722567,​​职业与收入稳定性​​,True
card_acnt_v0100040,0.17189432533416837,0.0,-0.008134982835615744,0.2268175796578502,​​职业与收入稳定性​​,True
card_acnt_v0100041,0.17758423519927077,0.0,-0.005889694574705463,0.2306195134501943,​​职业与收入稳定性​​,True
card_acnt_v0100042,0.1825817588684721,0.0,-0.007765519064763663,0.2344635105055065,​​职业与收入稳定性​​,True
card_acnt_v0100043,0.17692440349585656,0.0,-0.0076623020081801095,0.23468650639002725,​​职业与收入稳定性​​,True
card_acnt_v0100044,0.196277588656792,0.00012558536,-0.007702820356923135,0.23415894069854504,​​职业与收入稳定性​​,True
card_acnt_v0100045,0.19641931473613933,0.0,-0.0073450146073605685,0.23427121026106984,​​职业与收入稳定性​​,True
card_acnt_v0100046,0.2166715006607445,0.0,-0.008743563977695113,0.2299468172251179,​​职业与收入稳定性​​,True
card_acnt_v0100047,0.2572312358191321,0.0,-0.0067684215135306305,0.2345002194115186,​​职业与收入稳定性​​,True
card_acnt_v0100048,0.19609388667886699,0.0,-0.0077603911983762566,0.2336660122252689,​​职业与收入稳定性​​,True
card_acnt_v0100049,0.2601431085823559,0.0,-0.02210537712073075,0.22568507600745505,​​职业与收入稳定性​​,True
card_acnt_v0100050,0.25957604094092523,0.0,-0.02198490443780674,0.22543442284707868,​​职业与收入稳定性​​,True
card_acnt_v0100051,0.25379236506345976,0.0,-0.022639841359634365,0.22554530917015012,​​职业与收入稳定性​​,True
card_acnt_v0100052,0.26390662219358674,0.0,-0.02228213310929706,0.22563215487839836,​​职业与收入稳定性​​,True
card_acnt_v0100053,0.2738311301344353,0.0032033792,-0.022004808381160708,0.22750547781986089,​​职业与收入稳定性​​,True
card_acnt_v0100054,0.23273554721374895,0.0032748382,-0.019442573495085692,0.22820237053725645,​​职业与收入稳定性​​,True
card_acnt_v0100055,0.2601049378998045,0.005617062,-0.022192596327934525,0.22530468398082865,​​职业与收入稳定性​​,True
card_acnt_v0100056,0.2125684347501352,0.0,-0.017650259473020114,0.23008118666290434,​​职业与收入稳定性​​,True
card_acnt_v0100057,0.17838953909911262,0.0,-0.013836234454484774,0.2276271822541317,​​职业与收入稳定性​​,True
card_acnt_v0100058,0.1782095519543865,0.0,-0.013821845245278698,0.22727894175506852,​​职业与收入稳定性​​,True
card_acnt_v0100059,0.1691625340412091,0.0,-0.014618159964802412,0.22730736162285775,​​职业与收入稳定性​​,True
card_acnt_v0100060,0.16829333179504027,0.0,-0.014425367118453943,0.22620238819087396,​​职业与收入稳定性​​,True
card_acnt_v0100061,0.16451654829096735,0.0,-0.013729963892034028,0.22596489077758783,​​职业与收入稳定性​​,True
card_acnt_v0100062,0.1571859359453544,0.0,-0.011744998478829764,0.22399249215371828,​​职业与收入稳定性​​,True
card_acnt_v0100063,0.17837598044152875,0.0,-0.013878647450832077,0.22684568830570145,​​职业与收入稳定性​​,True
card_acnt_v0100064,0.15285437774648458,0.0,-0.010096964676436648,0.22303842632410753,​​职业与收入稳定性​​,True
card_acnt_v0100065,0.20275967927360622,0.0063620415,-0.012517043438686029,0.22967273754572304,​​职业与收入稳定性​​,True
card_acnt_v0100066,0.20591690438595117,0.0,-0.012470462183228948,0.22962055660491187,​​职业与收入稳定性​​,True
card_acnt_v0100067,0.2318564308895185,0.0,-0.01268010109467358,0.23034117519224212,​​职业与收入稳定性​​,True
card_acnt_v0100068,0.21380082091964708,0.0,-0.012367553241756625,0.23158348031362486,​​职业与收入稳定性​​,True
card_acnt_v0100069,0.18202915290321514,0.00042802107,-0.013218179136932896,0.2340928221411183,​​职业与收入稳定性​​,True
card_acnt_v0100070,0.19008568483410432,0.0,-0.00940230039719825,0.22580734235239042,​​职业与收入稳定性​​,True
card_acnt_v0100071,0.2037769794025432,0.0,-0.012712411548819134,0.2304619534731623,​​职业与收入稳定性​​,True
card_acnt_v0100072,0.18911237294871452,0.005915647,-0.005719715571600488,0.2269856867971969,​​职业与收入稳定性​​,True
card_acnt_v0100073,0.2188177866531704,0.0,-0.017956429928092318,0.23539744606839164,​​职业与收入稳定性​​,True
card_acnt_v0100074,0.21958972873647112,0.0,-0.018016334808122512,0.23493001813204223,​​职业与收入稳定性​​,True
card_acnt_v0100075,0.22504551375912124,0.0,-0.018197126405046532,0.23399932518227487,​​职业与收入稳定性​​,True
card_acnt_v0100076,0.26855294977824895,0.0,-0.017492976113464644,0.23189369492100304,​​职业与收入稳定性​​,True
card_acnt_v0100077,0.20876892979867048,0.0,-0.01714397947327673,0.23087092227567152,​​职业与收入稳定性​​,True
card_acnt_v0100078,0.20312022699140383,0.0,-0.012380736041065241,0.22827533844510517,​​职业与收入稳定性​​,True
card_acnt_v0100079,0.2197063830402665,0.0,-0.018108873176681563,0.2350130898215295,​​职业与收入稳定性​​,True
card_acnt_v0100080,0.19486680841116752,0.0014753069,-0.009100244636630664,0.22829127579857236,​​职业与收入稳定性​​,True
card_acnt_v0100081,0.17231256012980023,0.0,-0.008820220733005472,0.2361992040129145,​​职业与收入稳定性​​,True
card_acnt_v0100082,0.17171440114811168,0.0,-0.008731795348640875,0.23537600439829087,​​职业与收入稳定性​​,True
card_acnt_v0100083,0.17392313444379467,0.0,-0.008828330137021851,0.23405938159971038,​​职业与收入稳定性​​,True
card_acnt_v0100084,0.20368889630865106,0.0007913561,-0.008440295630399953,0.2313516861741856,​​职业与收入稳定性​​,True
card_acnt_v0100085,0.19631169250021516,0.0,-0.009430222159676576,0.22959946133756431,​​职业与收入稳定性​​,True
card_acnt_v0100086,0.23741162560785672,0.0,-0.00734738548928835,0.2301096691963336,​​职业与收入稳定性​​,True
card_acnt_v0100087,0.17227201290847644,0.0,-0.008797947823510757,0.23396402247688855,​​职业与收入稳定性​​,True
card_acnt_v0100088,0.19972664648218613,0.0,-0.0038158945696185496,0.23017584019973958,​​职业与收入稳定性​​,True
card_acnt_v0100089,0.1650463492802953,0.0,0.0001496189718207661,0.22486104778801114,​​职业与收入稳定性​​,True
card_acnt_v0100090,0.16497645834731337,0.0,0.0002530320560001622,0.22482588123440603,​​职业与收入稳定性​​,True
card_acnt_v0100091,0.16505204185558825,0.0,0.00042555968633504196,0.22484073582335035,​​职业与收入稳定性​​,True
card_acnt_v0100092,0.17032490010258294,0.0,0.00047786310773528524,0.22381730560570454,​​职业与收入稳定性​​,True
card_acnt_v0100093,0.16608567920270087,0.0,-0.0018520105383756534,0.22439849729099667,​​职业与收入稳定性​​,True
card_acnt_v0100094,0.1586285757262718,0.0034255655,-0.0013128556267192931,0.2268375620935763,​​职业与收入稳定性​​,True
card_acnt_v0100095,0.16501937581253584,0.0,9.226451751470565e-05,0.22481311916808755,​​职业与收入稳定性​​,True
card_acnt_v0100096,0.15897644399625402,0.0,-0.0008989492717514674,0.2263734708822512,​​职业与收入稳定性​​,True
card_acnt_v0100097,0.17553654706088023,0.0,0.004028761723304203,0.22991566294052318,​​职业与收入稳定性​​,True
card_acnt_v01001,0.19609388667886699,0.0,-0.0077603911983762566,0.2336660122252689,​​职业与收入稳定性​​,True
card_acnt_v0100107,0.16655483098107934,0.0,0.00977999201562339,0.22699474024662172,​​职业与收入稳定性​​,True
card_acnt_v0100112,0.18358810445771578,0.0,-0.009443437570288394,0.22668958711648418,​​职业与收入稳定性​​,True
card_acnt_v0100132,0.2444154275140495,0.0,-0.012918711034504043,0.2465108714228682,​​职业与收入稳定性​​,True
card_acnt_v0100138,0.20444146143803432,0.00017838793,0.008207748377673806,0.23062176031771384,​​职业与收入稳定性​​,True
card_acnt_v0100149,0.16655483098107934,0.0,0.00977999201562339,0.22699474024662172,​​职业与收入稳定性​​,True
card_acnt_v0100158,0.2248403869265449,0.0,0.008135230139210217,0.2295165788533845,​​职业与收入稳定性​​,True
card_acnt_v0100164,0.14650845264600684,0.0,-0.006275660348808659,0.2268090068908093,​​职业与收入稳定性​​,True
card_acnt_v0100165,0.20030673721326522,0.0036568488,0.007925438520317952,0.22861642107305327,​​职业与收入稳定性​​,True
card_acnt_v0100166,0.20900606360400112,0.0020125166,0.018215072052809998,0.230491478360337,​​职业与收入稳定性​​,True
card_acnt_v0100174,0.19609388667886699,0.0,-0.0077603911983762566,0.2336660122252689,​​职业与收入稳定性​​,True
card_acnt_v0100180,0.16501937581253584,0.0,9.226451751470565e-05,0.22481311916808755,​​职业与收入稳定性​​,True
card_acnt_v01002,0.17758423519927077,0.0,-0.005889694574705463,0.2306195134501943,​​职业与收入稳定性​​,True
card_acnt_v01004,0.21323904298427024,0.006297187,-0.005335728067484697,0.2277308137583152,​​职业与收入稳定性​​,True
card_acnt_v01005,0.03649762398863549,0.0,,0.22216182148683786,​​职业与收入稳定性​​,False
card_acnt_v01006,0.07234648375993018,0.0,0.0038391057599595135,0.22270015243283703,​​职业与收入稳定性​​,True
card_acnt_v01007,0.03649762398863549,0.0,,0.22216182148683786,​​职业与收入稳定性​​,False
card_acnt_v01049,0.20501494922277413,0.00045015712,-0.008333139470809724,0.2273536586281515,​​职业与收入稳定性​​,True
card_age_change_v0500019,0.08924157648952627,0.0,-0.005062959608044084,0.2221716893654769,​​职业与收入稳定性​​,True
card_age_change_v0500020,0.07816522815388044,0.0,-0.003017363994355764,0.2228150295254771,​​职业与收入稳定性​​,True
card_age_change_v0500021,0.0714756595991319,0.0,-0.008176040340579957,0.23527566561046387,​​职业与收入稳定性​​,True
card_age_change_v0500024,0.195351890439669,0.0011963609,-0.007440516439733687,0.2305793880110171,​​职业与收入稳定性​​,True
card_hist_v0600026_recent60_m_crcd_nom_mon_max,0.35757627821061344,0.0016036171,-0.0054571340045303715,0.26293716694317487,​​职业与收入稳定性​​,True
card_hist_v0600031_recent60_m_crcd_nom_mon_avg,0.3699900947452792,0.009524586,-0.005798325347106924,0.3675255276065537,​​职业与收入稳定性​​,False
card_hist_v0600162_recent48_m_crcd_ucl_nom_mon_avg,0.3048877792719989,0.013915667,-0.0042321593049546346,0.35922974414375675,​​职业与收入稳定性​​,False
card_orgs_v0200274,0.18754487528403385,0.011872524,-0.007494865542056168,0.22576033239279802,​​职业与收入稳定性​​,True
card_orgs_v0200353,0.31057383614549694,0.0008391233,-0.011077340800790975,0.2557390778087589,​​职业与收入稳定性​​,True
card_orgs_v0200367,0.25033381104342894,0.0,0.012685433726483314,0.25862601945205477,​​职业与收入稳定性​​,True
card_orgs_v0200372,0.25033381104342894,0.0,0.012685433726483314,0.25862601945205477,​​职业与收入稳定性​​,True
card_orgs_v0200373,0.33272027651221053,0.0019748905,0.0032229102631179075,0.26267563103943214,​​职业与收入稳定性​​,True
cntbizcrdtorgcntpast012m,0.22715574246146494,0.0,-0.025289869935049853,0.23195651162818776,​​职业与收入稳定性​​,True
cntbizcrdtorgcntpast3624m,0.13243799825342106,0.0,-0.011872666081867912,0.22673936506214928,​​职业与收入稳定性​​,True
cntbizcrdtorgcntpast4836m,0.10073866232954139,0.0,-0.006538430471251098,0.22809374562849738,​​职业与收入稳定性​​,True
cntbizorgcntpast012m,0.21342799212033936,0.0,-0.022315297534035394,0.23798593200947335,​​职业与收入稳定性​​,True
cntbizorgcntpast1224m,0.1781440903996987,0.0,-0.01741601888418066,0.2252912238613735,​​职业与收入稳定性​​,True
cntbizorgcntpast3624m,0.12216079092426331,0.0,-0.010980794132209804,0.2277827850917938,​​职业与收入稳定性​​,True
cntbizorgcntpast4836m,0.12445446318181475,0.0,-0.009012297177979998,0.22830028888978987,​​职业与收入稳定性​​,True
cntbizorgcntpast6048m,0.09592513815046992,0.0,-0.01053632922009331,0.2259120825870265,​​职业与收入稳定性​​,True
comp_cred_ext_house_car_limit_avg,0.5298960692620063,0.0017319721,-0.03666778041807001,0.2606754018738356,​​职业与收入稳定性​​,True
comp_hist_credit_use_gt_limit_acct_cnt,0.18377354376665,0.00020656254,0.003306182441398246,0.2270619385649119,​​职业与收入稳定性​​,True
comp_hist_loan_balance_sum,0.4763698268042043,0.00284272,-0.017710062431411024,0.22629659958031284,​​职业与收入稳定性​​,True
comp_hist_loan_curr_mon_actual_to_bill_amt_ratio,0.38306797966255185,0.0038062795,-0.0028401443845114276,0.18384183579438068,​​职业与收入稳定性​​,True
comp_hist_loan_curr_ovd_amt_avg,0.24178331352696447,0.0,0.014732765264194042,0.2220185094357845,​​职业与收入稳定性​​,True
comp_hist_recent03_m_normal_rpy_mon_avg,0.3801566044217727,0.0020393804,0.007033686300251298,0.4911448141722497,​​职业与收入稳定性​​,False
comp_hist_recent03_m_rpy_c_acct_cnt,0.30695654926466476,0.0008529805,0.010133430323609048,0.23494256390158907,​​职业与收入稳定性​​,True
comp_hist_recent03_m_rpy_c_acct_ratio,0.2909299915256994,0.0007242077,0.0057676399754491075,0.3552198182424426,​​职业与收入稳定性​​,False
comp_hist_recent06_m_normal_rpy_mon_avg,0.5035846856455235,0.003914077,0.008267041379021534,0.5243088147531627,​​职业与收入稳定性​​,False
comp_hist_recent12_m_normal_rpy_mon_avg,0.3535813578645985,0.004482619,0.004313730580031247,0.5269425894317057,​​职业与收入稳定性​​,False
comp_hist_recent12_m_normal_rpy_mon_cnt,0.38901100784065806,0.0016947591,0.013992234334736953,0.45120584506231487,​​职业与收入稳定性​​,False
comp_hist_recent24_m_rpy_c_acct_ratio,0.33926901204641247,0.003175507,-0.010301225140042622,0.4599311335422992,​​职业与收入稳定性​​,False
comp_hist_recent60_m_normal_rpy_mon_avg,0.38435041613763055,0.0032526932,-0.012605799781284725,0.47105037526328253,​​职业与收入稳定性​​,False
comp_hist_recent60_m_normal_rpy_mon_cnt,0.27561528465450436,0.00012943245,0.006033980322775115,0.6003196621830642,​​职业与收入稳定性​​,False
creditlimit_avg_r1_bt91,0.46027823595326256,0.0043303827,-0.03947577913978274,0.294343226654468,​​职业与收入稳定性​​,True
creditlimit_max_r1_bt91,0.6233739172660436,0.009352637,-0.05017028200776777,0.46232768187775247,​​职业与收入稳定性​​,False
creditlimit_min_r1_bt91,0.3509611106411025,0.0020839719,-0.006350312179269274,0.3008528280821108,​​职业与收入稳定性​​,False
cyclicalloanaccountinfo_accountcount,0.25949844395453137,0.00028358056,-0.0011610179886506892,0.34028987142280226,​​职业与收入稳定性​​,False
delq_acnt_ratio_v1100070,0.2525218592180241,0.0,0.004666661608669898,0.24858828384095555,​​职业与收入稳定性​​,True
delq_acnt_ratio_v1100072,0.3285644450635925,0.007975247,0.009133219735288996,0.27341416115135775,​​职业与收入稳定性​​,True
delq_acnt_ratio_v1100073,0.28238418449119934,0.007265019,0.002473244397853097,0.2630999447995056,​​职业与收入稳定性​​,True
delq_acnt_ratio_v1100185,0.34258544518819023,0.002663852,-0.001091095817920749,0.3601199294555306,​​职业与收入稳定性​​,False
delq_acnt_v0900846,0.12275052113870978,0.0070505454,-0.001589308168982799,0.22543656998079353,​​职业与收入稳定性​​,True
delq_acnt_v0901368,0.08996381884071901,0.0,-0.004381326619817966,0.22485841418851477,​​职业与收入稳定性​​,True
delq_acnt_v0901369,0.0881710251493564,0.0,-0.0046993176205930905,0.22500193774568228,​​职业与收入稳定性​​,True
delq_acnt_v0901370,0.18088992940063164,0.0,-0.004922566252301937,0.22536451422499543,​​职业与收入稳定性​​,True
delq_acnt_v0901371,0.12692075646327045,0.0011597348,-0.006440757571426072,0.22440618540907947,​​职业与收入稳定性​​,True
delq_acnt_v0901372,0.15853725318986445,0.0,-0.005893037634259385,0.22384537580737432,​​职业与收入稳定性​​,True
delq_acnt_v0901373,0.15258410397535488,0.0,-0.006538588372213482,0.22544046503297818,​​职业与收入稳定性​​,True
delq_acnt_v0901374,0.08874097471795088,0.0,-0.007135603334474898,0.22248794329680796,​​职业与收入稳定性​​,True
delq_acnt_v0901375,0.08825763296249448,0.0,-0.007513549756055709,0.22244969107396736,​​职业与收入稳定性​​,True
delq_acnt_v0901376,0.14934721831457864,0.0,-0.0016446323382618944,0.22514543076608692,​​职业与收入稳定性​​,True
delq_acnt_v0901377,0.07514001760647818,0.0,-0.0013357211753082564,0.22241322267386446,​​职业与收入稳定性​​,True
delq_acnt_v0901378,0.07503458252776028,0.0,-0.0017754353157111724,0.22236214601035256,​​职业与收入稳定性​​,True
delq_acnt_v0901379,0.13127904726621378,0.0,-0.001080806462224109,0.22397183283994282,​​职业与收入稳定性​​,True
delq_acnt_v0901380,0.12692075646327045,0.0,-0.006440757571426072,0.22440618540907947,​​职业与收入稳定性​​,True
delq_acnt_v0901381,0.15853725318986445,0.0,-0.005893037634259385,0.22384537580737432,​​职业与收入稳定性​​,True
delq_acnt_v0901382,0.15262817318327257,0.0,-0.006393547118989321,0.2252055221083544,​​职业与收入稳定性​​,True
delq_acnt_v0901383,0.10275407415582075,0.0,-0.004697515031547532,0.22232989191044739,​​职业与收入稳定性​​,True
delq_acnt_v0901384,0.10202300629704078,0.0,-0.004917738668751091,0.22219220768327064,​​职业与收入稳定性​​,True
delq_acnt_v0901385,0.10528968410070018,0.0,0.004437156381990371,0.2227669944288453,​​职业与收入稳定性​​,True
delq_acnt_v0901609,0.23628114837770514,0.0025624898,0.012936406423147037,0.22572470423903873,​​职业与收入稳定性​​,True
delq_acnt_v0901610,0.21543665592734773,0.0,0.009265989452817458,0.22497732430755663,​​职业与收入稳定性​​,True
delq_acnt_v0901810,0.1478115779499271,0.0,-0.010407299348889405,0.2311722532023257,​​职业与收入稳定性​​,True
delq_avg_mob_v1000179_recent03_m_loal_m1_p_mon_avg,0.27380555663203915,0.0,0.012025569316824256,0.24469081415511917,​​职业与收入稳定性​​,True
delq_avg_mob_v1000212_recent60_m_loal_m2_p_mon_avg,0.2607519536264835,0.0,-0.003711839933280389,0.23847660726865308,​​职业与收入稳定性​​,True
delq_avg_mob_v1000224_recent03_m_loal_uws_m1_p_mon_avg,0.2788362158309177,0.0,0.013959983665335919,0.241291786244799,​​职业与收入稳定性​​,True
delq_info_report_creditcard_abn_cnt_acc,0.2539733676175976,0.0,-0.012964145368700108,0.23213915536224217,​​职业与收入稳定性​​,True
delq_info_report_creditcard_abn_rmb_cnt_acc,0.22080461815807123,0.0,-0.008335065566999013,0.22673061559749977,​​职业与收入稳定性​​,True
delq_info_report_curr_m1p_cnt_orgpctnewadd,0.2984911699244786,0.00066653645,0.003626797453473669,0.27466567859936175,​​职业与收入稳定性​​,True
delq_info_report_open_gt03m_creditcard_abn_cnt_acc,0.2526311515906838,0.0,-0.012994017170350846,0.23155513864335028,​​职业与收入稳定性​​,True
delq_info_report_open_gt03m_creditcard_abn_rmb_cnt_acc,0.22238586547903755,0.0,-0.00843089281306457,0.22738207810562705,​​职业与收入稳定性​​,True
delq_info_report_open_gt03m_creditcard_m1p_rmb_cnt_acc,0.047450321906200375,0.0,-0.004067293912876482,0.22330931310591787,​​职业与收入稳定性​​,True
delq_info_report_open_gt06m_creditcard_abn_cnt_acc,0.2840120010983938,0.0,-0.012998265605628634,0.23096039841283314,​​职业与收入稳定性​​,True
delq_info_report_open_gt06m_creditcard_abn_rmb_cnt_acc,0.2226655249565836,0.0,-0.008530801925976264,0.22723446460358634,​​职业与收入稳定性​​,True
delq_info_report_open_gt06m_creditcard_m1p_rmb_cnt_acc,0.047450321906200375,0.0,-0.004067293912876482,0.22330931310591787,​​职业与收入稳定性​​,True
delq_info_report_open_gt12m_creditcard_abn_cnt_acc,0.29011363920325667,0.0,-0.012740862235162879,0.2304239309941703,​​职业与收入稳定性​​,True
delq_info_report_open_gt12m_creditcard_abn_rmb_cnt_acc,0.21035710450673553,0.0,-0.008333946384720188,0.22785046194555678,​​职业与收入稳定性​​,True
delq_info_report_open_gt12m_creditcard_m1p_rmb_cnt_acc,0.047450321906200375,0.0,-0.004067293912876482,0.22330931310591787,​​职业与收入稳定性​​,True
delq_info_report_open_gt24m_creditcard_abn_cnt_acc,0.2294174590025615,0.0,-0.01179633080365952,0.23146135920784597,​​职业与收入稳定性​​,True
delq_info_report_open_gt24m_creditcard_abn_rmb_cnt_acc,0.21546501534678233,0.0,-0.007262783553703986,0.22666824395569504,​​职业与收入稳定性​​,True
delq_info_report_open_gt24m_creditcard_m1p_rmb_cnt_acc,0.04804602353253186,0.0,-0.003919162196963945,0.22273119418757836,​​职业与收入稳定性​​,True
delq_info_report_open_gt48m_creditcard_abn_cnt_acc,0.23041214984312974,0.0,-0.009269419255808937,0.23032228045800077,​​职业与收入稳定性​​,True
delq_info_report_open_gt48m_creditcard_abn_rmb_cnt_acc,0.2046407100221653,0.0,-0.0039134563064178295,0.22759926582956513,​​职业与收入稳定性​​,True
delq_info_report_open_gt48m_creditcard_m1p_rmb_cnt_acc,0.05016577450373079,0.0,-0.0034368583990424784,0.2221688571345332,​​职业与收入稳定性​​,True
delq_info_report_open_gt60m_creditcard_abn_cnt_acc,0.22609285344179253,0.0025410447,-0.006452433540427907,0.22989707101625148,​​职业与收入稳定性​​,True
delq_info_report_open_gt60m_creditcard_abn_rmb_cnt_acc,0.21088585670624316,0.0,-0.0009671369787347417,0.2265866650228798,​​职业与收入稳定性​​,True
delq_info_report_open_gt60m_creditcard_m1p_rmb_cnt_acc,0.05101850530160412,0.0,-0.00326034023610979,0.22220174341976046,​​职业与收入稳定性​​,True
delq_total_mob_v06000227_recent60_m_loal_uws_m1_p_mon_cnt,0.2135260264480483,0.0,0.005027962990675632,0.2315029014211705,​​职业与收入稳定性​​,True
delq_total_mob_v06033_od_hist_tot_mth_st160_m,0.2465574048577533,0.0003007317,0.027025063582566292,0.23079549738711452,​​职业与收入稳定性​​,True
delq_total_mob_v06103_od_hist_tot_mth_st160_m_card,0.18048691009131843,0.0,-0.004707972152803708,0.23179786872501326,​​职业与收入稳定性​​,True
dm_pboc_commercialbankconsumerloanloancnt_dd,0.3438368106298649,0.0015613049,0.005180379067861484,0.2893957238614262,​​职业与收入稳定性​​,True
dm_pboc_commercialbankconsumerloanmaxlimitamount_dd,0.5337719602873217,0.00290593,-0.02874630102423273,0.41672904220522644,​​职业与收入稳定性​​,False
dm_pboc_commercialbankotherloanloancnt_dd,0.20578993687837321,0.0,0.014588353753345811,0.23596429486830472,​​职业与收入稳定性​​,True
dm_pboc_consumeloanbalance_dd_v15,0.45343244456764237,0.0024083757,-0.020581416257146757,0.2554047710195678,​​职业与收入稳定性​​,True
dm_pboc_consumeloanlast24mnewopenaccountcnt_dd_v15,0.31240266044689224,0.0,0.0018770097553957386,0.30579833950522745,​​职业与收入稳定性​​,False
dm_pboc_consumerfinancebalanceamount_dd,0.34948216569779444,0.006406669,-0.014830861251474725,0.3375845375842127,​​职业与收入稳定性​​,False
dm_pboc_consumerfinancecompanyconsumerloanloancnt_dd,0.3764647810461442,0.0005849018,0.025086075198052043,0.30256769443045706,​​职业与收入稳定性​​,False
dm_pboc_cyclicalloanorgcnt_dd,0.2515439918696847,0.0005255576,0.0005114617389618128,0.31899208367470316,​​职业与收入稳定性​​,False
dm_pboc_firstbankloandays_dd,0.37173477919269615,0.0023238563,-0.01155595129612912,0.5909521111428023,​​职业与收入稳定性​​,False
dm_pboc_houseloanincome2_dd,0.3663768812063772,0.00052901084,-0.012852180876217771,0.21394516458033758,​​职业与收入稳定性​​,True
dm_pboc_houseloanmortgagerpymonths_dd,0.3022702198361799,0.0015015862,-0.00563139840934094,0.24970337137325654,​​职业与收入稳定性​​,True
dm_pboc_income2max_dd,0.45807809009282024,0.0028476939,-0.018908482792176655,0.24236846793526454,​​职业与收入稳定性​​,True
dm_pboc_lastbankloandays_dd,0.33112201240585487,0.002622016,-0.011389085472744469,0.4062270452708905,​​职业与收入稳定性​​,False
dm_pboc_lastloandays_dd,0.3153310206100252,0.0029108091,-0.018174571075785663,0.37911819031411476,​​职业与收入稳定性​​,False
dm_pboc_loanfirstage_dd,0.35320321973005775,0.002073591,-0.009552017957839228,0.5626590345923342,​​职业与收入稳定性​​,False
dm_pboc_loanlast12mmaxnormalrpycnt_dd_v15,0.20065485720805692,0.0028759665,0.01167301067088695,0.24372002673839208,​​职业与收入稳定性​​,True
dm_pboc_loanlast12mqueryopenrate_dd,0.41698915330542496,0.003417208,-0.004181440211106382,0.4459338701668347,​​职业与收入稳定性​​,False
dm_pboc_loanlast24mmaxloanamount_dd,0.4136356825240719,0.0034773722,-0.0028370060795458855,0.3559131284796718,​​职业与收入稳定性​​,False
dm_pboc_loanlast24moverdueaccountrate_dd,0.2877784349201613,0.0,0.0074497247117314,0.24497355001901755,​​职业与收入稳定性​​,True
dm_pboc_loanlast24mqueryopenrate_dd,0.4008581976300472,0.0010979928,-0.01214086603633411,0.5326795612223119,​​职业与收入稳定性​​,False
dm_pboc_loanlast2mapprovedcnt_dd,0.2384169108543993,0.0032313352,0.01077920652434732,0.25889883688408627,​​职业与收入稳定性​​,True
dm_pboc_loanlast6mapprovedcnt_dd,0.2738660475336299,0.0035950984,-0.0014771706366910604,0.2584723911428508,​​职业与收入稳定性​​,True
dm_pboc_loanlast6mmaxloanamount_dd,0.46556534886882894,0.005226449,-0.003217954199593038,0.32769368485550626,​​职业与收入稳定性​​,False
dm_pboc_loanrpyfrequency03actualrpyamount_dd_v15,0.4077273938286153,0.0032866094,-0.02600283304887424,0.3794557247261117,​​职业与收入稳定性​​,False
dm_pboc_otherfinancialinstitutionconsumerloanmaxlimitamount_dd,0.35805563414359093,0.0019620347,-0.023260342587324827,0.3677759699708123,​​职业与收入稳定性​​,False
dm_pboc_querylastdays_dd,0.39018471766799745,0.002671956,-0.005796797784320308,0.3296207417753258,​​职业与收入稳定性​​,False
dm_pboc_queryloanlast24mcnt_dd_v15,0.37573355503737804,0.00083805516,0.016429535413719422,0.37903176854268217,​​职业与收入稳定性​​,False
dm_pboc_queryloannow1mcnt_dd,0.28631355858699936,0.0,0.02324738373379523,0.2703405632675753,​​职业与收入稳定性​​,True
dm_pboc_querynow24mcnt_dd,0.3700337275956074,0.0003015482,0.018144737230245615,0.42372362396241514,​​职业与收入稳定性​​,False
dm_pboc_querynow3mcnt_dd,0.29440705670252265,0.0019221277,0.014329078699098928,0.3369629241871296,​​职业与收入稳定性​​,False
dm_pboc_querynow6mcnt_dd,0.30354316960957667,0.0,0.01087127657532151,0.37990867608456014,​​职业与收入稳定性​​,False
dm_pboc_usedlast24mmaxmonths_dd_v15,0.4070023183421535,0.0013063574,-0.034548277625519014,0.30074904826125176,​​职业与收入稳定性​​,False
dmpbocbankcreditlimitamountdd,0.5315631003864746,0.0037123947,-0.023931343449245985,0.2595693423542204,​​职业与收入稳定性​​,True
dmpbocconsumeloanaccountcntdd,0.3418494749848753,0.00058038894,0.0006658176470813586,0.33907708984802076,​​职业与收入稳定性​​,False
dmpbocconsumerfinancecompanyconsumerloanloanamountdd,0.4301543525360497,0.0032003454,-0.01798374543241671,0.335365759505536,​​职业与收入稳定性​​,False
dmpbocdebitcardaccountbalanceamountdd,0.4125477714670198,0.004130162,-0.013505961812929453,0.23869261503210865,​​职业与收入稳定性​​,True
dmpbocqueryloanlast24morgcntdd,0.25912710951491125,0.0,0.01889958884072888,0.3660807223846918,​​职业与收入稳定性​​,False
edulevel_addnew,0.0661068408695041,0.0025045816,-8.88034246906095e-05,0.2281367522736581,​​职业与收入稳定性​​,True
hb01blsamt24m,0.29850708363697126,0.0022527438,0.01318615621977762,0.2828644776842586,​​职业与收入稳定性​​,True
inqy_cnt_all12d,0.25851097051820937,0.0,0.016909399051390144,0.2719050876160408,​​职业与收入稳定性​​,True
inqy_cnt_all1d,0.16018802248929934,0.0,0.005478574949215407,0.2377323867674027,​​职业与收入稳定性​​,True
inqy_cnt_all24d,0.3010270859407533,0.0,0.020478672622049436,0.2877534720585966,​​职业与收入稳定性​​,True
inqy_cnt_all3d,0.15921130802544,0.0,0.005825930323113856,0.24837144049752036,​​职业与收入稳定性​​,True
inqy_cnt_all6d,0.16479547026962543,0.0,0.003554240252338382,0.2601846161423243,​​职业与收入稳定性​​,True
inqy_cnt_cons6d,0.08304056265365212,0.0,-0.00024146757009898227,0.24668578684637799,​​职业与收入稳定性​​,True
inqy_cnt_loan12d,0.24684501284461757,0.0,0.019644954786074004,0.26078661171797635,​​职业与收入稳定性​​,True
inqy_cnt_loan1d,0.1388179372720499,0.0,0.00022234390393017527,0.23746451922336775,​​职业与收入稳定性​​,True
inqy_cnt_loan3d,0.14692842134539705,0.0,0.0025827537092953557,0.24671822143238362,​​职业与收入稳定性​​,True
inqy_cnt_loan6d,0.15892026419885272,0.0,0.00295218053040513,0.25174839580800873,​​职业与收入稳定性​​,True
inqy_cntsm_all6d,0.11111528868249863,0.0,0.008395150138355753,0.22569356380931305,​​职业与收入稳定性​​,True
inqy_org_all12d,0.25103200835719985,0.0,0.016791829168651913,0.27012230575955476,​​职业与收入稳定性​​,True
inqy_org_all1d,0.16019581405656316,0.0,0.005523851041858346,0.23743036239010987,​​职业与收入稳定性​​,True
inqy_org_all24d,0.27864393325727055,0.0,0.019178324338938443,0.2813684597462457,​​职业与收入稳定性​​,True
inqy_org_all3d,0.1592647589129497,0.0,0.005920687753686611,0.24832687963077213,​​职业与收入稳定性​​,True
inqy_org_all6d,0.16496451325011424,0.0,0.0037178777690000703,0.2601980727431909,​​职业与收入稳定性​​,True
inqy_org_loan12d,0.24125479513971282,0.0,0.019433572259320107,0.2599235109594552,​​职业与收入稳定性​​,True
inqy_org_loan24d,0.2620141905924474,0.0,0.02060309192008572,0.26758832332265925,​​职业与收入稳定性​​,True
inqy_org_loan3d,0.1465810590784486,0.0,0.0026771148593049653,0.24664255195522847,​​职业与收入稳定性​​,True
inqy_v0100000_cnt_loan_weight_mon,0.46151997603346634,0.0002343691,0.016966288254542095,0.21037116922696342,​​职业与收入稳定性​​,True
inqy_v0100003_cnt_all_weight_day,0.388608392948882,0.0021953303,0.02004734146550463,0.20397846945716835,​​职业与收入稳定性​​,True
inqy_v0100030_cnt_cons1_m,0.27062469377564424,0.0,0.0315997832286293,0.2502012774533197,​​职业与收入稳定性​​,True
inqy_v0100031_cnt_cons6_m,0.27212798696405677,0.00014681951,0.02272239938796968,0.3053032199235187,​​职业与收入稳定性​​,False
inqy_v0100032_cnt_cons3_m,0.2593534836145551,0.0,0.024988153155855702,0.2736795373506746,​​职业与收入稳定性​​,True
inqy_v0100034_cnt_cons12_m,0.2556023936915892,0.0003597252,0.01680481419887607,0.34468738556187184,​​职业与收入稳定性​​,False
inqy_v0100035_cnt_cons24_m,0.3445347750161264,0.009124305,0.0270951285362843,0.35058933181016483,​​职业与收入稳定性​​,False
inqy_v0100036_cnt_bank1_m,0.25416160155222284,0.00028051384,0.01914449270663914,0.26122936191759283,​​职业与收入稳定性​​,True
inqy_v0100037_cnt_bank6_m,0.36327317524638675,0.00067255495,0.0038699120380819452,0.29853312289169,​​职业与收入稳定性​​,True
inqy_v0100038_cnt_bank3_m,0.2411178806899371,0.0010958738,0.007250865821851032,0.2818444492566121,​​职业与收入稳定性​​,True
inqy_v0100039_cnt_bank_all,0.322295336263848,0.0,0.011162204676109207,0.30434533679581044,​​职业与收入稳定性​​,False
inqy_v0100040_cnt_bank12_m,0.42201471057510104,0.004429269,0.007841519442410452,0.3018305429369702,​​职业与收入稳定性​​,False
inqy_v0100041_cnt_bank24_m,0.322295336263848,0.0,0.011162204676109207,0.30434533679581044,​​职业与收入稳定性​​,False
inqy_v0100043_cnt_carf6_m,0.09580327356368057,0.0,-0.009115627283513814,0.22378918769520098,​​职业与收入稳定性​​,True
inqy_v0100045_cnt_carf_all,0.18492868360453985,0.0,-0.0038927086448227984,0.223208437670072,​​职业与收入稳定性​​,True
inqy_v0100046_cnt_carf12_m,0.06999194834737317,0.0,-0.008858824174203804,0.22534596656536915,​​职业与收入稳定性​​,True
inqy_v0100047_cnt_carf24_m,0.18492868360453985,0.0,-0.0038927086448227984,0.223208437670072,​​职业与收入稳定性​​,True
inqy_v0100048_cnt_small1_m,0.10487044924842626,0.0,0.018942097927090697,0.23452345478447614,​​职业与收入稳定性​​,True
inqy_v0100049_cnt_small6_m,0.20808209278854872,0.00015533582,0.00523665528451447,0.34228052457712677,​​职业与收入稳定性​​,False
inqy_v0100050_cnt_small3_m,0.2327498253906788,0.00010952356,0.012175785257607388,0.27751670827974373,​​职业与收入稳定性​​,True
inqy_v0100052_cnt_small12_m,0.22397067458010264,0.0,0.007521275637226416,0.36559690606636575,​​职业与收入稳定性​​,False
inqy_v0100053_cnt_small24_m,0.34956840303721476,0.00068193383,0.01580578610024914,0.3547836856303658,​​职业与收入稳定性​​,False
inqy_v0100092_cnt_loan_card24_m,0.35763925901367793,0.006992704,0.01818840687339276,0.39873080389461474,​​职业与收入稳定性​​,False
inqy_v0100100_cnt_loan_all,0.355757761053034,0.005588394,0.01665975015132057,0.3920173570826908,​​职业与收入稳定性​​,False
inqy_v0100101_cnt_loan48_m,0.355757761053034,0.0,0.01665975015132057,0.3920173570826908,​​职业与收入稳定性​​,False
inqy_v0100102_cnt_loan9_m,0.31920221891231393,0.008849186,0.007560611942989491,0.3656634501652716,​​职业与收入稳定性​​,False
inqy_v01005_cnt_loan24_m,0.355757761053034,0.0,0.01665975015132057,0.3920173570826908,​​职业与收入稳定性​​,False
inqy_v01010_cnt_card24_m,0.2572622814691544,0.004991631,0.021205451194769298,0.23438433433519762,​​职业与收入稳定性​​,True
inqy_v01026_cnt_all1_m,0.3770871978174468,0.00020945755,0.02315324753337255,0.290914512405412,​​职业与收入稳定性​​,True
inqy_v01027_cnt_all3_m,0.3164630188052964,0.028057171,0.015253390228032602,0.32503984075471615,​​职业与收入稳定性​​,False
inqy_v01028_cnt_all6_m,0.3502532360565,0.0003347747,0.011160492006791804,0.38341713366714725,​​职业与收入稳定性​​,False
inqy_v01029_cnt_all12_m,0.3570132067403258,1.6991959e-05,0.010214805350809814,0.38766405553049055,​​职业与收入稳定性​​,False
inqy_v01030_cnt_all24_m,0.3353556252489908,0.00071713835,0.018515381527922502,0.42295936446322124,​​职业与收入稳定性​​,False
inqy_v0200001_org1_m,0.09598254195390063,0.0,0.02253679675214589,0.26747042189808046,​​职业与收入稳定性​​,True
inqy_v0200003_org3_m,0.09743065194617456,0.0011907212,0.016925873560529877,0.295707352192526,​​职业与收入稳定性​​,True
inqy_v0200006_org48_m,0.2268705849737389,0.000997564,0.013491344427595208,0.359151987179503,​​职业与收入稳定性​​,False
inqy_v0200014_org_loan_all,0.2723700386802733,0.0001979459,0.01891360613652621,0.3643123743799169,​​职业与收入稳定性​​,False
inqy_v02001_org_loan1_m,0.31376683890143614,0.0,0.024591154095246447,0.27109433951290485,​​职业与收入稳定性​​,True
inqy_v02002_org_loan3_m,0.2706682179857778,0.013717005,0.014712128269518268,0.29534113905792747,​​职业与收入稳定性​​,True
inqy_v02003_org_loan6_m,0.28345089768689113,0.00015349795,0.010082965521104494,0.3323610531688572,​​职业与收入稳定性​​,False
inqy_v02004_org_loan12_m,0.3623081201776062,0.0001346558,0.012112223125292976,0.3643124446369631,​​职业与收入稳定性​​,False
inqy_v02005_org_loan24_m,0.2723700386802733,0.0,0.01891360613652621,0.3643123743799169,​​职业与收入稳定性​​,False
inqy_v02026_org_all1_m,0.3469935426518267,0.0,0.022088093450007902,0.2876791339818102,​​职业与收入稳定性​​,True
inqy_v02027_org_all3_m,0.3385962545660421,0.0,0.01612320987913369,0.31616120796809527,​​职业与收入稳定性​​,False
inqy_v02028_org_all6_m,0.35231198434593436,0.0,0.011711519709410692,0.3562552710732413,​​职业与收入稳定性​​,False
inqy_v02029_org_all12_m,0.3874016609271146,0.0071136514,0.013690297405806214,0.3909495889498231,​​职业与收入稳定性​​,False
inqy_v02030_org_all24_m,0.27255941343697504,0.0,0.021336072476827898,0.3997518986507279,​​职业与收入稳定性​​,False
inqy_v03004_org_cnc_loan12_m,0.360565132570839,0.0016948184,-0.006198888370914693,0.3932210341963806,​​职业与收入稳定性​​,False
inqy_v0400001_cnt_pct_bank12_m,0.33927531086651924,0.0027684395,0.00944201024138461,0.4595047046254943,​​职业与收入稳定性​​,False
inqy_v0400003_cnt_pct_cons12_m,0.37425473975516854,0.002255029,0.009554092068778875,0.412800287162577,​​职业与收入稳定性​​,False
inqy_v0400005_cnt_pct_small12_m,0.3742541687251333,0.0019950708,-0.017325588816608305,0.41949340625764,​​职业与收入稳定性​​,False
inqy_v0400011_cnt_pct_all24_m,0.036510098648957094,0.0,,0.2232185798056574,​​职业与收入稳定性​​,False
inqy_v0400012_cnt_pct_all1_m,0.3436792055816423,0.00065531273,-0.0048004484220575995,0.41320595255875797,​​职业与收入稳定性​​,False
inqy_v0400013_cnt_pct_all6_m,0.2800976135528467,0.0008152602,-0.011569210768076203,0.49094158311912367,​​职业与收入稳定性​​,False
inqy_v0400014_cnt_pct_all3_m,0.30314468438729614,0.004594915,-0.007074909712194872,0.4521914365338907,​​职业与收入稳定性​​,False
inqy_v0400015_cnt_pct_all12_m,0.5047531789349748,0.0009548906,-0.013017407348226687,0.500422257675859,​​职业与收入稳定性​​,False
inqy_v0400026_cnt_pct_sec_all,0.31610408078185026,0.0049390956,0.01669491887806558,0.3377577890215921,​​职业与收入稳定性​​,False
inqy_v0400035_cnt_pct_loan_card6_m,0.4089263499405684,0.0026524896,-0.012738171990024425,0.4901424776339996,​​职业与收入稳定性​​,False
inqy_v0400037_cnt_pct_loan_card_a_l_l,0.493775909528302,0.0003623281,-0.01226481853685602,0.5113117672421179,​​职业与收入稳定性​​,False
inqy_v0400058_cnt_pct_loan_all1_m,0.3869716486631899,0.00539304,-0.0046368209597185015,0.3899522163906135,​​职业与收入稳定性​​,False
inqy_v0400059_cnt_pct_loan_all6_m,0.4203032474081893,0.0034719699,-0.011260557805249259,0.4901649938944659,​​职业与收入稳定性​​,False
inqy_v0400060_cnt_pct_loan_all3_m,0.3930448063893013,0.0002984848,-0.008446441406565194,0.4589520799237004,​​职业与收入稳定性​​,False
inqy_v0400061_cnt_pct_loan_all_a_l_l,0.3722678082974483,0.0013713676,-0.014229222151629055,0.45252839145306334,​​职业与收入稳定性​​,False
inqy_v0400062_cnt_pct_loan12_m12_m,0.4398093593854065,0.0014959434,-0.01042022586850812,0.48475714273846765,​​职业与收入稳定性​​,False
inqy_v0400063_cnt_pct_loan_all24_m,0.3722678082974483,0.0,-0.014229222151629055,0.45252839145306334,​​职业与收入稳定性​​,False
inqy_v0400105_cnt_pct_insr_all24_m,0.2976537378417835,0.0041640396,0.01562598544367773,0.3382480100633287,​​职业与收入稳定性​​,False
inqy_v04004_cnt_pct_loan12_m,0.4862812195574147,0.0054819705,0.00283352347297712,0.4304628899400143,​​职业与收入稳定性​​,False
inqy_v04005_cnt_pct_loan24_m,0.3722678082974483,0.0,-0.014229222151629055,0.45252839145306334,​​职业与收入稳定性​​,False
inqy_v04014_cnt_pct_grnt12_m,0.32646711035539666,0.0026231809,0.0015134202674881862,0.4402234942128274,​​职业与收入稳定性​​,False
inqy_v04025_cnt_pct_finc24_m,0.30935405185016357,0.003949205,0.0377736362497119,0.2842980664558083,​​职业与收入稳定性​​,True
inqy_v05004_org_pct_loan12_m,0.3820026538835452,0.00090873736,0.0037602229603796752,0.43241283559122634,​​职业与收入稳定性​​,False
inqy_v05005_org_pct_loan24_m,0.2900828735772768,0.0041749887,-0.01161180324155775,0.42876982160086546,​​职业与收入稳定性​​,False
inqy_v05020_org_pct_insr24_m,0.38396718727813856,0.017205968,0.002386414606688997,0.32626731892183936,​​职业与收入稳定性​​,False
inqy_v06004_cnt_loan1_to12_m,0.3577330442109902,0.005453358,0.007047348984549715,0.34394548367253164,​​职业与收入稳定性​​,False
inqy_v06005_cnt_loan3_to12_m,0.3225310459047591,0.00035541411,0.0008829389993123543,0.3787248933189578,​​职业与收入稳定性​​,False
inqy_v06006_cnt_loan6_to12_m,0.4383418336483662,0.0025005012,-0.0015753322126952458,0.40401486142778564,​​职业与收入稳定性​​,False
inqy_v06007_cnt_loan1_to24_m,0.3422829923247792,0.0018908991,-0.001933418580413665,0.3777147829010023,​​职业与收入稳定性​​,False
inqy_v06008_cnt_loan3_to24_m,0.3049566560255497,0.0023293584,-0.004024741461687776,0.4054138485109091,​​职业与收入稳定性​​,False
inqy_v06009_cnt_loan6_to24_m,0.3714730050015191,0.0008197065,-0.007867699232884925,0.4673473619913913,​​职业与收入稳定性​​,False
inqy_v06010_cnt_loan12_to24_m,0.4503625227329375,0.006543719,-0.007371216796024483,0.4407699913801304,​​职业与收入稳定性​​,False
inqy_v06054_cnt_all1_to12_m,0.3535410117808772,0.00794566,0.004442627139217593,0.3751357831120795,​​职业与收入稳定性​​,False
inqy_v06055_cnt_all3_to12_m,0.3175518608961387,0.001304237,-0.0009694977171151606,0.4130197225853697,​​职业与收入稳定性​​,False
inqy_v06056_cnt_all6_to12_m,0.35839356412104567,0.0059667444,-0.003631969083045627,0.4298192832613251,​​职业与收入稳定性​​,False
inqy_v06057_cnt_all1_to24_m,0.3436792055816423,0.0,-0.0048004484220575995,0.41320595255875797,​​职业与收入稳定性​​,False
inqy_v06058_cnt_all3_to24_m,0.30314468438729614,0.0,-0.007074909712194872,0.4521914365338907,​​职业与收入稳定性​​,False
inqy_v06059_cnt_all6_to24_m,0.2800976135528467,0.0,-0.011569210768076203,0.49094158311912367,​​职业与收入稳定性​​,False
inqy_v06060_cnt_all12_to24_m,0.5047531789349748,0.0,-0.013017407348226687,0.500422257675859,​​职业与收入稳定性​​,False
inqy_v07004_org_loan1_to12_m,0.3458312592137894,0.0071992744,0.00896886750016618,0.331166675574462,​​职业与收入稳定性​​,False
inqy_v07005_org_loan3_to12_m,0.3212590333209842,0.00058768457,0.0062588830682980875,0.34475323413526804,​​职业与收入稳定性​​,False
inqy_v07006_org_loan6_to12_m,0.3871859689472131,0.0053236135,-0.00013411362815178625,0.3545361414271223,​​职业与收入稳定性​​,False
inqy_v07007_org_loan1_to24_m,0.33842568129411765,0.002812069,0.0026401794593137544,0.3665918053937349,​​职业与收入稳定性​​,False
inqy_v07008_org_loan3_to24_m,0.32021098604568893,0.010091403,-0.0005111202679498629,0.39769177064760197,​​职业与收入稳定性​​,False
inqy_v07009_org_loan6_to24_m,0.3913966335446608,0.0014600715,-0.006059624110920807,0.43232724720038684,​​职业与收入稳定性​​,False
inqy_v07010_org_loan12_to24_m,0.35847969710274635,0.00050685246,-0.005467838480951642,0.43178329792075404,​​职业与收入稳定性​​,False
inqy_v07054_org_all1_to12_m,0.3124039134835351,0.0,0.00555555990778499,0.34761843370206547,​​职业与收入稳定性​​,False
inqy_v07055_org_all3_to12_m,0.30236600186795326,0.0015360473,0.0037438823058495944,0.389386218419695,​​职业与收入稳定性​​,False
inqy_v07056_org_all6_to12_m,0.35153270548854026,0.002494692,-0.003233228316871595,0.4221184075936525,​​职业与收入稳定性​​,False
inqy_v07057_org_all1_to24_m,0.3145249616899257,0.0014644249,-0.0005216573210157418,0.39476834291872603,​​职业与收入稳定性​​,False
inqy_v07058_org_all3_to24_m,0.3148655167866853,0.0006503752,-0.003764317281198543,0.44039971434852543,​​职业与收入稳定性​​,False
inqy_v07059_org_all6_to24_m,0.3555998767234766,0.006657024,-0.009917172304823205,0.4774763032964394,​​职业与收入稳定性​​,False
inqy_v07060_org_all12_to24_m,0.4116789179255825,0.0017755844,-0.01063912172303042,0.46488627184857223,​​职业与收入稳定性​​,False
inqy_v08001_new_org_loan1_m,0.23131486494572737,0.0034355514,0.024518390535704423,0.2435571326272933,​​职业与收入稳定性​​,True
inqy_v08002_new_org_loan3_m,0.2150275665718384,0.0,0.01511581681145685,0.2566591797628993,​​职业与收入稳定性​​,True
inqy_v08003_new_org_loan6_m,0.3012671905263872,0.00065249,0.005566561310376677,0.303880151692774,​​职业与收入稳定性​​,False
inqy_v08004_new_org_loan12_m,0.2686992739494533,5.4624645e-05,0.004886325465610105,0.35503314278883774,​​职业与收入稳定性​​,False
inqy_v08021_new_org_all1_m,0.2427696532438988,0.0,0.022256213849602437,0.25427174889853993,​​职业与收入稳定性​​,True
inqy_v08022_new_org_all3_m,0.23010383515440502,0.0011178544,0.017730820290798758,0.27875023245248054,​​职业与收入稳定性​​,True
inqy_v08023_new_org_all6_m,0.48079879207391224,0.0046273684,0.009533114618895253,0.33388858572982216,​​职业与收入稳定性​​,False
inqy_v08024_new_org_all12_m,0.34943869326913995,0.008182176,0.00685339201817591,0.38244293299970633,​​职业与收入稳定性​​,False
inqy_v09004_new_org_pct_loan12_m,0.4143810919779344,0.001741629,-0.021593118843511103,0.34147078319355956,​​职业与收入稳定性​​,False
inqy_v09024_new_org_pct_all12_m,0.42038798668706134,0.0022697712,-0.02391085415781378,0.4032064652109128,​​职业与收入稳定性​​,False
inqynew_org_all12d,0.2333491655402498,0.00017584284,0.014932626778564538,0.2722024417136447,​​职业与收入稳定性​​,True
inqynew_org_all1d,0.15240548446294,0.0,0.0031323932284021065,0.23672535478505397,​​职业与收入稳定性​​,True
inqynew_org_all3d,0.15381112402023547,0.0,0.0044735980286434145,0.24827005014409526,​​职业与收入稳定性​​,True
inqynew_org_all6d,0.1678683169016442,0.0,0.0028552459835492305,0.260428870350188,​​职业与收入稳定性​​,True
inqynew_org_loan12d,0.24312903269652675,0.0,0.01826353245258404,0.26238688036369007,​​职业与收入稳定性​​,True
inqynew_org_loan1d,0.13440057448826004,0.0,-0.0010108447490376495,0.2358825175301827,​​职业与收入稳定性​​,True
inqynew_org_loan3d,0.14371641549920766,0.0,0.002063833766487305,0.24590620947894287,​​职业与收入稳定性​​,True
inqynew_org_loan6d,0.15607376091136416,0.0,0.0029096616413630733,0.2524809212188207,​​职业与收入稳定性​​,True
is_married_flag,0.04885689481322788,0.00029439596,-0.01257220633688832,0.2241002212288274,​​职业与收入稳定性​​,True
jydcreditloancnt24m,0.23274123147985812,0.0,-0.012226426498526382,0.2392181472245861,​​职业与收入稳定性​​,True
jydloancnt24m,0.2198100589199901,0.0,-0.01372493628349566,0.24129213587164067,​​职业与收入稳定性​​,True
jydloanorg24m,0.18580386820126876,0.0,-0.02280067824412452,0.23397959411618466,​​职业与收入稳定性​​,True
loan_age_change_report_close_before_lt01m_loan_stl_rate_acc,0.288682635399184,0.0,0.007720808480540603,0.2852433368325609,​​职业与收入稳定性​​,True
loan_age_change_report_close_before_lt01m_loan_stl_rate_org,0.26581891544909114,0.0,-0.0007526676955587633,0.26985845183990126,​​职业与收入稳定性​​,True
loan_age_change_report_close_before_lt03m_loan_stl_rate_acc,0.3476221388410763,0.0002181693,0.005895016953622941,0.3611608437467575,​​职业与收入稳定性​​,False
loan_age_change_report_close_before_lt03m_loan_stl_rate_org,0.270114198516152,0.00071863405,0.005273261255326027,0.3155135489520636,​​职业与收入稳定性​​,False
loan_age_change_report_close_before_lt06m_loan_stl_rate_acc,0.32357631179047613,0.0011244399,0.0020340238496833803,0.40123552612113234,​​职业与收入稳定性​​,False
loan_age_change_report_close_before_lt06m_loan_stl_rate_org,0.2644103590437739,0.002019873,0.006136861602674282,0.35379763518690194,​​职业与收入稳定性​​,False
loan_age_change_report_close_before_lt12m_loan_stl_rate_acc,0.363614269935848,0.0016374384,-0.0015370518214967088,0.43554827021569975,​​职业与收入稳定性​​,False
loan_age_change_report_close_before_lt12m_loan_stl_rate_org,0.3585034867372718,0.001609026,-0.0034794211000086484,0.3992019359249343,​​职业与收入稳定性​​,False
loan_age_change_report_close_before_lt24m_loan_stl_rate_acc,0.3484446094553261,0.0014426764,-0.007827563129077548,0.4507545629220829,​​职业与收入稳定性​​,False
loan_age_change_report_close_before_lt24m_loan_stl_rate_org,0.43025094109420003,0.0024064244,-0.007141097177397935,0.38028730332965854,​​职业与收入稳定性​​,False
loan_age_change_report_end_after_lt01m_loan_atv_rate_acc,0.31981611431992707,0.007703394,0.00037182369411454126,0.3526416042584688,​​职业与收入稳定性​​,False
loan_age_change_report_end_after_lt01m_loan_atv_rate_org,0.3037979623163856,0.00041800638,-0.006719000793476835,0.3178357559303941,​​职业与收入稳定性​​,False
loan_age_change_report_end_after_lt03m_loan_atv_rate_acc,0.28395981561566247,0.0075184125,0.0035893733599469627,0.42249325277179095,​​职业与收入稳定性​​,False
loan_age_change_report_end_after_lt03m_loan_atv_rate_org,0.39501532648854115,0.0062316204,-0.0006362465914326404,0.36202758926574785,​​职业与收入稳定性​​,False
loan_age_change_report_end_after_lt06m_loan_atv_rate_acc,0.27491157922148723,0.004308184,0.005072439836868465,0.4621266058552346,​​职业与收入稳定性​​,False
loan_age_change_report_end_after_lt06m_loan_atv_rate_org,0.2534038287662521,0.001474322,-0.0014873617294952049,0.41487451254389374,​​职业与收入稳定性​​,False
loan_age_change_report_end_after_lt12m_loan_atv_rate_acc,0.38274858918569377,0.00084992364,0.0041803888862506,0.46106238110419384,​​职业与收入稳定性​​,False
loan_age_change_report_end_after_lt12m_loan_atv_rate_org,0.27526098375404606,0.0033249587,-0.005222176378950665,0.413942971431797,​​职业与收入稳定性​​,False
loan_age_change_report_end_after_lt24m_loan_atv_rate_acc,0.35470553545326133,0.0007378941,0.005318400132819007,0.4819758180360309,​​职业与收入稳定性​​,False
loan_age_change_report_end_after_lt24m_loan_atv_rate_org,0.31763985530039507,0.0017217743,-0.004511764435428194,0.40956161372517297,​​职业与收入稳定性​​,False
loan_age_change_report_open_lt01m_in03m_cycl_rate_acc,0.2339357942919128,0.0068750833,0.011030844055051841,0.23516062693433018,​​职业与收入稳定性​​,True
loan_age_change_report_open_lt01m_in03m_cyma_rate_acc,0.233424579348758,0.0,-0.0016366306814846767,0.22337246287457355,​​职业与收入稳定性​​,True
loan_age_change_report_open_lt01m_in03m_loan_rate_acc,0.30144886405400945,0.0026633637,0.015558966976065701,0.2613630215365341,​​职业与收入稳定性​​,True
loan_age_change_report_open_lt01m_loan_atv_rate_acc,0.33587096700272767,0.0,0.011117271584806581,0.31164069175692444,​​职业与收入稳定性​​,False
loan_age_change_report_open_lt01m_loan_atv_rate_org,0.27433985037293007,0.0009930587,0.014934546224562386,0.29017971115663826,​​职业与收入稳定性​​,True
loan_age_change_report_open_lt01m_loan_rate_acc,0.33343675554062296,0.0,0.009626072518645298,0.31131277752109887,​​职业与收入稳定性​​,False
loan_age_change_report_open_lt01m_loan_rate_org,0.2639617550209092,0.0,0.013854899222944528,0.29059946270344067,​​职业与收入稳定性​​,True
loan_age_change_report_open_lt03m_in06m_cycl_rate_acc,0.20331172384362642,0.0,0.009026072428411788,0.2553895536727671,​​职业与收入稳定性​​,True
loan_age_change_report_open_lt03m_in06m_cyma_rate_acc,0.23577002538342692,0.0035466063,0.000796144148794682,0.23738771798127717,​​职业与收入稳定性​​,True
loan_age_change_report_open_lt03m_in06m_loan_rate_acc,0.26566633898320763,0.0033119163,0.014282738241962844,0.2882314010097109,​​职业与收入稳定性​​,True
loan_age_change_report_open_lt03m_loan_atv_rate_acc,0.3773103931263809,0.004194111,0.015482871467108847,0.3916669172837297,​​职业与收入稳定性​​,False
loan_age_change_report_open_lt03m_loan_atv_rate_org,0.34100995140432955,0.0010587918,0.011738549568775179,0.35792663383045065,​​职业与收入稳定性​​,False
loan_age_change_report_open_lt03m_loan_rate_acc,0.3206236652674275,0.0025671413,0.011336153982840165,0.3972402786013802,​​职业与收入稳定性​​,False
loan_age_change_report_open_lt03m_loan_rate_org,0.32760793536390165,5.5950874e-05,0.007586359944692037,0.36289438666282275,​​职业与收入稳定性​​,False
loan_age_change_report_open_lt06m_in12m_cycl_rate_acc,0.25794875889713487,0.00084434333,-0.006525921325004862,0.2839569771536854,​​职业与收入稳定性​​,True
loan_age_change_report_open_lt06m_in12m_cyma_rate_acc,0.348126320327069,0.0031554324,-0.009553137928007778,0.24676818507340675,​​职业与收入稳定性​​,True
loan_age_change_report_open_lt06m_in12m_loan_rate_acc,0.3534166108333349,0.002426134,-0.0045350100522828975,0.32105342740273013,​​职业与收入稳定性​​,False
loan_age_change_report_open_lt06m_loan_atv_rate_acc,0.3720036055566169,0.0025238288,0.008783953093180995,0.4357382768809062,​​职业与收入稳定性​​,False
loan_age_change_report_open_lt06m_loan_atv_rate_org,0.29099411002907366,0.00063975906,0.008533347448533915,0.39039877365870923,​​职业与收入稳定性​​,False
loan_age_change_report_open_lt06m_loan_rate_acc,0.3295288841669796,0.0008920046,0.0021585818044985053,0.42505073580210173,​​职业与收入稳定性​​,False
loan_age_change_report_open_lt06m_loan_rate_org,0.38717979346284986,0.00014596498,0.004997002911595069,0.38633803960617363,​​职业与收入稳定性​​,False
loan_age_change_report_open_lt12m_loan_atv_rate_acc,0.34577092938239,0.00062832836,0.023246020748800753,0.46208233176476915,​​职业与收入稳定性​​,False
loan_age_change_report_open_lt12m_loan_atv_rate_org,0.38785364592826865,0.00048202596,0.023479417210024316,0.40411562539368784,​​职业与收入稳定性​​,False
loan_age_change_report_open_lt12m_loan_rate_acc,0.3113236995831886,0.0034786055,0.018162100476667532,0.49027395208414337,​​职业与收入稳定性​​,False
loan_age_change_report_open_lt12m_loan_rate_org,0.40084568959140504,0.0016328025,0.017188902852714082,0.41069684896440817,​​职业与收入稳定性​​,False
loan_age_change_report_open_lt24m_loan_atv_rate_acc,0.4056362849491289,0.0014123843,0.025581896634363176,0.4552386966273744,​​职业与收入稳定性​​,False
loan_age_change_report_open_lt24m_loan_atv_rate_org,0.33938220657920093,0.001540787,0.02927603939224057,0.41949518291793886,​​职业与收入稳定性​​,False
loan_age_change_report_open_lt24m_loan_rate_acc,0.37229435943314954,0.0020856825,0.011908847838009867,0.48399666269856767,​​职业与收入稳定性​​,False
loan_age_change_report_open_lt24m_loan_rate_org,0.4212049062901777,0.00029905507,0.01938912464992404,0.40610401638783217,​​职业与收入稳定性​​,False
loan_cred_his_mob_report_cycl_atv_max_opendiffmon,0.4863907474070701,0.0034050588,-0.04149513219843331,0.7608157441422129,​​职业与收入稳定性​​,False
loan_cred_his_mob_report_loan_nor_exch_max_opendiffday,0.5783858842600511,0.006322226,-0.04330980259829464,0.7999555157250864,​​职业与收入稳定性​​,False
loan_cred_his_mob_report_loan_syyh_max_opendiffmon,0.37383784592796926,0.0027594666,-0.011115077121859832,0.35454117723937667,​​职业与收入稳定性​​,False
loan_cred_his_mob_report_rpdt_lt03m_ncyc_normal_cnt_rpymonth,0.26203406798609136,0.00023608962,0.010488196553031348,0.3251616526501685,​​职业与收入稳定性​​,False
loan_cred_his_mob_report_rpdt_lt03m_ncyc_xfjr_normal_cnt_rpymonth,0.35159021081770575,0.008899839,0.020378759186935495,0.2849263804547325,​​职业与收入稳定性​​,True
loan_cred_his_mob_report_rpdt_lt06m_ncyc_normal_max_rpymonth,0.05818701290852759,0.0014066405,0.005085799600932445,0.26691791801877635,​​职业与收入稳定性​​,True
loan_cred_his_mob_report_rpdt_lt06m_ncyc_syyh_normal_cnt_rpymonth,0.33910090479308674,0.0,0.010636323388875938,0.31984960328068585,​​职业与收入稳定性​​,False
loan_cred_his_mob_report_rpdt_lt12m_ncyc_xfdk_normal_avg_rpymonth,0.35027399496871936,0.00079997495,0.01997198199317654,0.46454411669874224,​​职业与收入稳定性​​,False
loan_cred_his_mob_report_rpdt_lt24m_ncyc_caho_normal_avg_rpymonth,0.3857254582766835,0.0035735033,-0.002188677417408902,0.2808221871583231,​​职业与收入稳定性​​,True
loan_cred_his_mob_report_rpdt_lt24m_ncyc_exch_normal_avg_rpymonth,0.38381840005381646,0.00034908083,0.020217769432172964,0.49039272413146395,​​职业与收入稳定性​​,False
loan_cred_his_mob_report_rpdt_lt24m_ncyc_exch_normal_cnt_rpymonth,0.3253297736143539,0.008305498,0.020249833976179073,0.3889183492749352,​​职业与收入稳定性​​,False
loan_cred_his_mob_report_rpdt_lt24m_ncyc_syyh_normal_avg_rpymonth,0.3622014678781524,0.002560681,0.015176991838481094,0.44388247845548356,​​职业与收入稳定性​​,False
loan_cred_his_mob_report_rpdt_lt24m_ncyc_syyh_normal_cnt_rpymonth,0.29946147080495095,0.0020720165,0.01862441777578379,0.3541402211958843,​​职业与收入稳定性​​,False
loan_cred_his_mob_report_rpdt_lt24m_ncyc_xfdk_normal_avg_rpymonth,0.29307399016980995,0.00069132145,0.024077428054868656,0.495214963143992,​​职业与收入稳定性​​,False
loan_cred_his_mob_report_rpdt_lt24m_ncyc_xfdk_normal_cnt_rpymonth,0.34198723582771934,0.0,0.020722784399159113,0.4041245795654006,​​职业与收入稳定性​​,False
loan_cred_his_mob_report_rpdt_lt24m_ncyc_xfjr_normal_cnt_rpymonth,0.3602672797284401,0.0024530443,0.01845128307105949,0.33325065720042046,​​职业与收入稳定性​​,False
loan_cred_new_mob_report_cycl_min_opendiffmon,0.1933103419091886,0.0,-0.009517161725521086,0.25494308671402593,​​职业与收入稳定性​​,True
loan_specia_llist_report_loan_st09_cnt_specrecode,0.13097252932623699,0.0,-0.004313712839665786,0.22311394510332896,​​职业与收入稳定性​​,True
loan_v01211_loan_acct_act_type4_nxt1_m,0.17183569866000026,0.0,-0.012826997498380819,0.22332905303743855,​​职业与收入稳定性​​,True
loan_v01220_loan_acct_act_type4_nxt3_m,0.19284438554225675,0.0,-0.009419574513116622,0.22600986082913838,​​职业与收入稳定性​​,True
loan_v01229_loan_acct_act_type4_nxt6_m,0.18027263323174447,0.0,-0.008277316447881364,0.23000297573154158,​​职业与收入稳定性​​,True
loan_v01238_loan_acct_act_type4_nxt12_m,0.1889755876745985,0.0,-0.01516730625524839,0.23246481266929336,​​职业与收入稳定性​​,True
loan_v01247_loan_acct_act_type4_nxt24_m,0.21502732761092924,0.0,-0.016038752310942244,0.23100770755110017,​​职业与收入稳定性​​,True
loan_v03211_loan_amt_act_type4_nxt1_m,0.163361019349857,0.0,-0.005871843780848513,0.2268221668047932,​​职业与收入稳定性​​,True
loan_v03220_loan_amt_act_type4_nxt3_m,0.21751030583818431,0.0,-0.006617656562909872,0.238580475011358,​​职业与收入稳定性​​,True
loan_v03229_loan_amt_act_type4_nxt6_m,0.27564926288391056,0.0,-0.008895038533195163,0.24381432542892673,​​职业与收入稳定性​​,True
loan_v03238_loan_amt_act_type4_nxt12_m,0.3933454696089,0.0,-0.01116360406976255,0.24300519869203513,​​职业与收入稳定性​​,True
loan_v03247_loan_amt_act_type4_nxt24_m,0.39434559388106794,0.0,-0.010729107683768576,0.24744006763144313,​​职业与收入稳定性​​,True
loan_v04101_loan_bal_act_type4_nxt1_m,0.15738951148130745,0.0,-0.0040775996595422415,0.22694487289708415,​​职业与收入稳定性​​,True
loan_v04110_loan_bal_act_type4_nxt3_m,0.22298728925540787,0.0,-0.004198005501620763,0.23418263862958588,​​职业与收入稳定性​​,True
loan_v04119_loan_bal_act_type4_nxt6_m,0.2968289243515342,0.0,-0.004880335516819634,0.2435321220540384,​​职业与收入稳定性​​,True
loan_v04128_loan_bal_act_type4_nxt12_m,0.4504516107878214,0.0010372485,-0.0063181784217909865,0.24073686772374162,​​职业与收入稳定性​​,True
loan_v04137_loan_bal_act_type4_nxt24_m,0.42012978783568117,0.0009637599,-0.006633073813134037,0.24132324697455415,​​职业与收入稳定性​​,True
loanact_all_act_grnt1_amount_count,0.18805647973599854,0.00028433613,0.016917019106444546,0.27266653231918886,​​职业与收入稳定性​​,True
loanact_all_act_grnt11_amount_count,0.15475284738444348,4.860879e-05,0.0047024437684498295,0.2311430098311636,​​职业与收入稳定性​​,True
loanact_all_act_grnt12_amount_count,0.27144849776076246,0.0,0.013635905835621678,0.35219892134912445,​​职业与收入稳定性​​,False
loanact_all_act_grnt2_amount_count,0.1495450800669759,0.0,-0.00873536643246317,0.2303990621893164,​​职业与收入稳定性​​,True
loanact_all_act_grnt3_amount_count,0.27151288876860263,0.0,0.01363996072250841,0.35192613273780865,​​职业与收入稳定性​​,False
loanact_all_act_grnt5_amount_count,0.09798036978376444,0.0,0.00011672083783238857,0.22300704327227722,​​职业与收入稳定性​​,True
loanact_all_act_next12m_amount_count,0.2850689285055432,0.0,0.005002112127424972,0.30633878885339605,​​职业与收入稳定性​​,False
loanact_all_act_next1m_amount_count,0.17505121799143658,0.0,0.013499234355473613,0.2446601359316622,​​职业与收入稳定性​​,True
loanact_all_act_next24m_amount_count,0.24088510227121482,0.010216558,0.00625527646870048,0.3144298107012772,​​职业与收入稳定性​​,False
loanact_all_act_next3m_amount_count,0.21273818957360346,0.0030866617,0.011260044007646953,0.283348503379133,​​职业与收入稳定性​​,True
loanact_all_act_next6m_amount_count,0.24203653640221548,0.0,0.00777657525999062,0.330683722998436,​​职业与收入稳定性​​,False
loanact_all_act_open12m_amount_count,0.32504303964639447,8.793878e-05,0.010451122767561568,0.31064844696301097,​​职业与收入稳定性​​,False
loanact_all_act_open1m_amount_count,0.2363160729000186,8.659135e-05,0.018213312461304913,0.2580066501456263,​​职业与收入稳定性​​,True
loanact_all_act_open24m_amount_count,0.3982476829450745,0.007860308,0.013720800503073095,0.30534706736950107,​​职业与收入稳定性​​,False
loanact_all_act_open3m_amount_count,0.28169437615021353,0.00010264737,0.008260083037907949,0.26475462639075653,​​职业与收入稳定性​​,True
loanact_all_act_open6m_amount_count,0.3233389245808377,0.003427164,0.007370450229176817,0.2700099716935572,​​职业与收入稳定性​​,True
loanact_all_act_rpfq1_amount_count,0.3567177115188748,0.017628267,0.006884546390124533,0.3232862120222801,​​职业与收入稳定性​​,False
loanact_all_act_rpfq2_amount_count,0.3357832428532142,0.0,0.007239152583547317,0.32427010721824423,​​职业与收入稳定性​​,False
loanact_all_act_rpfq3_amount_count,0.14405406153190392,0.0,-0.008859741449183141,0.22641503170892108,​​职业与收入稳定性​​,True
loanact_all_act_rpfq4_amount_count,0.1507667932169306,0.0,-0.0028426084358120843,0.22298730411940204,​​职业与收入稳定性​​,True
loanact_all_act_rpfq5_amount_count,0.15782830230854875,0.0,-0.006543919726266847,0.22237230138494957,​​职业与收入稳定性​​,True
loanact_all_amt_gte1w_open_beyond12m_amount_count,0.3827188261052147,0.0004128413,-0.022358879635335005,0.2710321577129134,​​职业与收入稳定性​​,True
loanact_all_amt_gte5k_open_beyond12m_amount_count,0.32035036844192716,0.00023616776,-0.016106262692200026,0.2872475224938142,​​职业与收入稳定性​​,True
loanact_all_amt_lt2k_open_beyond1m_amount_count,0.3267018034968163,0.0030836167,0.009970283143838443,0.2903964959207834,​​职业与收入稳定性​​,True
loanact_all_biztype1_act_amount_count,0.06262206425554015,0.0,0.0013048914884097103,0.22986669833663156,​​职业与收入稳定性​​,True
loanact_all_biztype1_amount_count,0.08883593807206538,0.0,-0.008827950572582163,0.22751303093380604,​​职业与收入稳定性​​,True
loanact_all_biztype1_grnt2_amount_count,0.07874713592048486,0.0,-0.006893386114431873,0.2251635129856359,​​职业与收入稳定性​​,True
loanact_all_biztype1_grnt2_open_beyond24m_amount_count,0.08646821723009009,0.0,-0.013408791181962325,0.224189800058805,​​职业与收入稳定性​​,True
loanact_all_biztype1_grnt2_open_beyond48m_amount_count,0.08264197448247723,0.0,-0.00735026750650719,0.22443160525270717,​​职业与收入稳定性​​,True
loanact_all_biztype1_grnt2_open_beyond6m_amount_count,0.08038518599402317,0.0,-0.007575137525013865,0.22468025508514602,​​职业与收入稳定性​​,True
loanact_all_biztype12_grnt2_open_beyond12m_amount_count,0.1695471727684925,0.0,-0.01539295819303472,0.22654113670955206,​​职业与收入稳定性​​,True
loanact_all_biztype12_grnt2_open_beyond24m_amount_count,0.17506010728431634,0.0,-0.020503115456435194,0.224723931346691,​​职业与收入稳定性​​,True
loanact_all_biztype12_grnt2_open_beyond48m_amount_count,0.18736005038073866,0.0,-0.013716335154791821,0.2239896197459263,​​职业与收入稳定性​​,True
loanact_all_biztype2_act_next12m_amount_count,0.0785132197327709,0.0,-0.0024844109261211063,0.2223329884905571,​​职业与收入稳定性​​,True
loanact_all_biztype2_act_next24m_amount_count,0.07074842957513705,0.0,0.008764874203221902,0.22252273544058818,​​职业与收入稳定性​​,True
loanact_all_biztype2_act_next3m_amount_count,0.06114389463739361,0.0,-0.0086120283389311,0.22351784838274025,​​职业与收入稳定性​​,True
loanact_all_biztype2_act_next6m_amount_count,0.060819678333152244,0.0,-0.006120735002385116,0.22231442857483516,​​职业与收入稳定性​​,True
loanact_all_biztype2_grnt11_amount_count,0.18239065455921238,0.0,-0.019619503004786286,0.22935802150613646,​​职业与收入稳定性​​,True
loanact_all_biztype2_grnt2_amount_count,0.17306376314879743,0.0,-0.01726014358986828,0.22849057205333803,​​职业与收入稳定性​​,True
loanact_all_biztype2_grnt2_open_beyond24m_amount_count,0.21477456536125344,0.0,-0.016399351864576375,0.2259257721401937,​​职业与收入稳定性​​,True
loanact_all_biztype2_grnt2_open_beyond48m_amount_count,0.21020380159956487,0.0,-0.012198933543332315,0.22369763612708154,​​职业与收入稳定性​​,True
loanact_all_biztype2_grnt4_amount_count,0.041644302723320654,0.0,-0.001597417586054991,0.22297161134219365,​​职业与收入稳定性​​,True
loanact_all_biztype3_act_amount_count,0.09449125391342991,0.0,-0.006997061389597233,0.22560932425532298,​​职业与收入稳定性​​,True
loanact_all_biztype3_amount_count,0.13416625366129378,0.0,-0.01180630446602318,0.22323169614081284,​​职业与收入稳定性​​,True
loanact_all_biztype3_grnt4_amount_count,0.1339258862079286,0.0026352147,-0.011458548039696904,0.22327678189341044,​​职业与收入稳定性​​,True
loanact_all_biztype35_grnt2_amount_count,0.15258900569893957,0.0,-0.002784760594819788,0.22384336485924636,​​职业与收入稳定性​​,True
loanact_all_biztype35_grnt2_open_beyond12m_amount_count,0.15416966508307803,0.0,-0.0023661126496844066,0.22537637201519423,​​职业与收入稳定性​​,True
loanact_all_biztype35_grnt2_open_beyond24m_amount_count,0.15209848234133208,0.0,-0.002676075796785869,0.22639281226592622,​​职业与收入稳定性​​,True
loanact_all_biztype35_grnt4_amount_count,0.2400078865461062,0.0,-0.0047000624511821226,0.24876876252161745,​​职业与收入稳定性​​,True
loanact_all_biztype35_grnt4_open_beyond12m_amount_count,0.23299180542887582,0.0020760405,-0.003906419453012556,0.2423437341843076,​​职业与收入稳定性​​,True
loanact_all_biztype35_grnt4_open_beyond24m_amount_count,0.27938901865168253,0.0,-0.005375162812139164,0.23979707595162814,​​职业与收入稳定性​​,True
loanact_all_biztype35_grnt4_open_beyond3m_amount_count,0.23663395566525403,0.0039121355,-0.004189013417536613,0.24252607570890927,​​职业与收入稳定性​​,True
loanact_all_biztype35_grnt4_open_beyond48m_amount_count,0.20863493222324203,0.0035306243,-0.006228758335761012,0.23731254913957306,​​职业与收入稳定性​​,True
loanact_all_biztype35_grnt4_open_beyond6m_amount_count,0.23024973793513365,0.0,-0.004227918959794255,0.2439794569225996,​​职业与收入稳定性​​,True
loanact_all_biztype35_nnm_grnt4_open_beyond3m_amount_count,0.2320599209333464,0.0,-0.004611644343964218,0.23477764342372964,​​职业与收入稳定性​​,True
loanact_all_biztype4_act_amount_count,0.19873028492899222,0.005742326,-0.018474463863392437,0.24558022900637394,​​职业与收入稳定性​​,True
loanact_all_biztype4_act_grnt11_amount_count,0.18351608191466262,0.0,-0.007485602593348264,0.222880211320989,​​职业与收入稳定性​​,True
loanact_all_biztype4_act_grnt12_amount_count,0.14598624712984312,0.0,-0.002581073461013546,0.2235610125970109,​​职业与收入稳定性​​,True
loanact_all_biztype4_act_grnt4_amount_count,0.2239895060432445,0.0,-0.018681512810377464,0.2390407121757521,​​职业与收入稳定性​​,True
loanact_all_biztype4_act_grnt9_amount_count,0.06819543878312365,0.0,-0.0010863805271902338,0.2222906251363611,​​职业与收入稳定性​​,True
loanact_all_biztype4_act_next12m_amount_count,0.1831348831916575,0.0,-0.014561230781667139,0.23065204335831963,​​职业与收入稳定性​​,True
loanact_all_biztype4_act_next1m_amount_count,0.1830223151873922,0.0,-0.009102898719000068,0.2228586855928632,​​职业与收入稳定性​​,True
loanact_all_biztype4_act_next24m_amount_count,0.20911571259302728,0.0,-0.015492721651982538,0.23004150934640288,​​职业与收入稳定性​​,True
loanact_all_biztype4_act_next3m_amount_count,0.17952084000680632,0.0,-0.006883133217058153,0.22574208543183882,​​职业与收入稳定性​​,True
loanact_all_biztype4_act_next6m_amount_count,0.19139144550618775,0.0,-0.008652581084078603,0.23084669619859371,​​职业与收入稳定性​​,True
loanact_all_biztype4_amount_count,0.38820875340887545,0.0045349435,-0.014262133253660984,0.2439035184646287,​​职业与收入稳定性​​,True
loanact_all_biztype4_grnt11_amount_count,0.15079264709463636,0.0,-0.007913930562124697,0.22740402672099275,​​职业与收入稳定性​​,True
loanact_all_biztype4_grnt12_amount_count,0.21118328991996535,0.000430397,0.00035796587281767633,0.23251953493944238,​​职业与收入稳定性​​,True
loanact_all_biztype4_grnt4_amount_count,0.3303679252691294,0.0,-0.015047461751764602,0.2377151402252224,​​职业与收入稳定性​​,True
loanact_all_biztype4_grnt4_open_beyond12m_amount_count,0.24856759483118085,0.0,-0.01152717748297403,0.2317194556901258,​​职业与收入稳定性​​,True
loanact_all_biztype4_grnt4_open_beyond24m_amount_count,0.2237786650363513,0.0,-0.00958641401143182,0.22776046838268027,​​职业与收入稳定性​​,True
loanact_all_biztype4_grnt4_open_beyond3m_amount_count,0.32991636774958755,0.0,-0.013841113118015768,0.24086256243761697,​​职业与收入稳定性​​,True
loanact_all_biztype4_grnt4_open_beyond48m_amount_count,0.22805841970519367,0.0,-0.004844985882002505,0.23045178261392799,​​职业与收入稳定性​​,True
loanact_all_biztype4_grnt4_open_beyond6m_amount_count,0.2792501688596355,0.0,-0.01262294171848347,0.2403636103463402,​​职业与收入稳定性​​,True
loanact_all_biztype4_grnt9_amount_count,0.14579077325328973,0.0,-0.0036084174820756117,0.22352121678006134,​​职业与收入稳定性​​,True
loanact_all_biztype49_grnt4_amount_count,0.3466990935666066,0.0,-0.005354880045549708,0.3159047059352317,​​职业与收入稳定性​​,False
loanact_all_biztype49_grnt4_open_beyond12m_amount_count,0.32374609456265163,0.008778418,-0.005371999671218051,0.3168869411705887,​​职业与收入稳定性​​,False
loanact_all_biztype49_grnt4_open_beyond24m_amount_count,0.3589978377835676,0.0,-0.0035129100076858703,0.3014760356910392,​​职业与收入稳定性​​,False
loanact_all_biztype49_grnt4_open_beyond3m_amount_count,0.3451119108000308,0.014277723,-0.005583557865784178,0.3121878636231713,​​职业与收入稳定性​​,False
loanact_all_biztype49_grnt4_open_beyond48m_amount_count,0.2620036014780584,0.0004040187,-0.005778520639424623,0.27791238201401197,​​职业与收入稳定性​​,True
loanact_all_biztype49_grnt4_open_beyond6m_amount_count,0.3673202259927024,0.0,-0.005038593227375979,0.31648452469487587,​​职业与收入稳定性​​,False
loanact_all_biztype49_ngrnt4_amount_count,0.3288038991885678,0.0013278327,0.009475120670496698,0.34852722224409116,​​职业与收入稳定性​​,False
loanact_all_biztype5_act_amount_count,0.14613739058069256,0.0,-0.006904629885454413,0.22327674041934817,​​职业与收入稳定性​​,True
loanact_all_biztype5_act_grnt4_amount_count,0.14958262133714872,0.0,-0.005602584365326354,0.2228441414561767,​​职业与收入稳定性​​,True
loanact_all_biztype5_act_next12m_amount_count,0.15496567505264547,0.0,-0.009537475287065136,0.22629695397773353,​​职业与收入稳定性​​,True
loanact_all_biztype5_act_next1m_amount_count,0.13025212878403453,0.0,-0.006155666095026003,0.2229239369037236,​​职业与收入稳定性​​,True
loanact_all_biztype5_act_next3m_amount_count,0.2149613383933643,0.0,-0.0032455333872960746,0.22630049993658702,​​职业与收入稳定性​​,True
loanact_all_biztype5_grnt12_amount_count,0.15924833982044836,0.0,-0.00729586367471086,0.2274227678274774,​​职业与收入稳定性​​,True
loanact_all_biztype5_grnt4_amount_count,0.1844145537017212,0.0032626283,-0.003337918044696075,0.23075353853568845,​​职业与收入稳定性​​,True
loanact_all_biztype91_act_amount_count,0.3719042235753483,0.018086575,0.009585815861160718,0.33978062171718804,​​职业与收入稳定性​​,False
loanact_all_biztype91_act_grnt11_amount_count,0.16422533122167693,0.0,0.015900570185970554,0.259135408795434,​​职业与收入稳定性​​,True
loanact_all_biztype91_act_grnt12_amount_count,0.29329462386257227,0.0,0.014698259220306379,0.34779235580682594,​​职业与收入稳定性​​,False
loanact_all_biztype91_act_grnt4_amount_count,0.2864223474812012,0.00050632074,0.0031792524017479986,0.3001484593400332,​​职业与收入稳定性​​,False
loanact_all_biztype91_act_next12m_amount_count,0.2924077125120858,0.00023078505,0.0074150385294030835,0.30883480460161905,​​职业与收入稳定性​​,False
loanact_all_biztype91_act_next1m_amount_count,0.18578425341027605,0.00041000973,0.0173704733274212,0.24517514180240077,​​职业与收入稳定性​​,True
loanact_all_biztype91_act_next24m_amount_count,0.2421298873047408,0.0,0.00794569599597645,0.3109731977904797,​​职业与收入稳定性​​,False
loanact_all_biztype91_act_next3m_amount_count,0.23086826879827943,0.004843405,0.013603141863278318,0.2808450172083965,​​职业与收入稳定性​​,True
loanact_all_biztype91_act_next6m_amount_count,0.2637950922898409,0.0,0.010602205346597544,0.3357342471992568,​​职业与收入稳定性​​,False
loanact_all_biztype91_amount_count,0.3418494749848753,0.0,0.0008241622573654999,0.3392569456985979,​​职业与收入稳定性​​,False
loanact_all_biztype91_grnt11_amount_count,0.23045899409254636,0.008667413,0.008845474610078539,0.24588723759195968,​​职业与收入稳定性​​,True
loanact_all_biztype91_grnt12_amount_count,0.2846586382298368,0.0010289429,0.009151384703560306,0.34015704756317555,​​职业与收入稳定性​​,False
loanact_all_biztype91_grnt4_amount_count,0.40055618068511634,0.0033366538,-0.00304422298296251,0.3138975103675931,​​职业与收入稳定性​​,False
loanact_all_biztype91_grnt4_open_beyond12m_amount_count,0.31040212878757967,0.00018754127,-0.00381979910587,0.29833752703543565,​​职业与收入稳定性​​,True
loanact_all_biztype91_grnt4_open_beyond24m_amount_count,0.3331914486795852,0.003966314,-0.0022813611578723202,0.295849582378292,​​职业与收入稳定性​​,True
loanact_all_biztype91_grnt4_open_beyond3m_amount_count,0.3668358531395681,0.0036600665,-0.0035707407648091836,0.31441964375068454,​​职业与收入稳定性​​,False
loanact_all_biztype91_grnt4_open_beyond48m_amount_count,0.2823850480732426,0.0,-0.005203058551195363,0.27756904479411626,​​职业与收入稳定性​​,True
loanact_all_biztype91_grnt4_open_beyond6m_amount_count,0.3893109892748649,0.0037601672,-0.003266559166003253,0.3051931958920804,​​职业与收入稳定性​​,False
loanact_all_biztype99_act_amount_count,0.18557387393939753,0.0,0.00378207008676754,0.2431245096133859,​​职业与收入稳定性​​,True
loanact_all_biztype99_act_grnt12_amount_count,0.14039573417680828,0.0,-0.005450211423253638,0.22295996825967906,​​职业与收入稳定性​​,True
loanact_all_biztype99_act_grnt4_amount_count,0.19103885718661232,0.0,0.005520287350060202,0.24391342501770394,​​职业与收入稳定性​​,True
loanact_all_biztype99_act_next12m_amount_count,0.1921522096511671,0.0,0.005325611619558681,0.2307097221716342,​​职业与收入稳定性​​,True
loanact_all_biztype99_act_next1m_amount_count,0.21584306929417563,0.0,-0.005657078149913372,0.22260304099301587,​​职业与收入稳定性​​,True
loanact_all_biztype99_act_next24m_amount_count,0.2067594424073327,0.0,0.012322453736252053,0.2311337040558232,​​职业与收入稳定性​​,True
loanact_all_biztype99_act_next3m_amount_count,0.21082578999218682,0.0,0.0015610641146395377,0.22316948245568816,​​职业与收入稳定性​​,True
loanact_all_biztype99_act_next6m_amount_count,0.1448933538996333,0.0,-0.004476066567242004,0.2282216000848075,​​职业与收入稳定性​​,True
loanact_all_biztype99_amount_count,0.25896330305807563,0.0020046548,0.0020821794866216644,0.24909426609945035,​​职业与收入稳定性​​,True
loanact_all_biztype99_grnt11_amount_count,0.15764709196800675,0.0,-0.0007592859920586326,0.2282863421180273,​​职业与收入稳定性​​,True
loanact_all_biztype99_grnt4_amount_count,0.20124477654878992,0.0,-0.0023968709538132746,0.24098420559461484,​​职业与收入稳定性​​,True
loanact_all_cl_close_open12m_amount_count,0.3263129795557423,0.0,-0.004618829880420101,0.25158082898755335,​​职业与收入稳定性​​,True
loanact_all_cl_close_open1m_amount_count,0.21764511821493138,0.0,0.012070379197435512,0.23701752900176784,​​职业与收入稳定性​​,True
loanact_all_cl_close_open24m_amount_count,0.31151790096690823,0.0002627641,-0.006708440742992596,0.27422078775124625,​​职业与收入稳定性​​,True
loanact_all_cl_close_open3m_amount_count,0.24502501620913059,0.0009336773,0.006994889647211788,0.23937042390003055,​​职业与收入稳定性​​,True
loanact_all_cl_close_open6m_amount_count,0.29781579758646665,0.00017732276,0.0002515157254908034,0.2447354414580579,​​职业与收入稳定性​​,True
loanact_all_cl_open12m_amount_count,0.33398075855309545,0.0072899116,-0.011498945615422666,0.24783772651428837,​​职业与收入稳定性​​,True
loanact_all_cl_open1m_amount_count,0.17977771541345694,0.0,-0.011522815876887133,0.22261821573578378,​​职业与收入稳定性​​,True
loanact_all_cl_open24m_amount_count,0.2793271438599799,0.0018228597,-0.011500056759186132,0.2619608583553614,​​职业与收入稳定性​​,True
loanact_all_cl_open3m_amount_count,0.2147825093081902,0.0,-0.01142409416757682,0.2254461968607423,​​职业与收入稳定性​​,True
loanact_all_cl_open6m_amount_count,0.20750180549393735,0.0,-0.014785733526387887,0.23457557652260086,​​职业与收入稳定性​​,True
loanact_all_cls1_amount_count,0.33047267739024944,0.0,0.006465747344120925,0.3266526941477771,​​职业与收入稳定性​​,False
loanact_all_cls1_grnt2_amount_count,0.14955252285408122,0.0,-0.008567599920886192,0.2307669650164707,​​职业与收入稳定性​​,True
loanact_all_cls1_grnt2_open_beyond24m_amount_count,0.05946708780448405,0.0,-0.0063168566666898145,0.22435436672229353,​​职业与收入稳定性​​,True
loanact_all_cls1_grnt2_open_beyond48m_amount_count,0.07347266892941867,0.0,-0.00017612728840404993,0.2246139436431302,​​职业与收入稳定性​​,True
loanact_all_cls1_grnt2_open_beyond6m_amount_count,0.1611381338651452,0.0,-0.0044071173879132765,0.2266303231507067,​​职业与收入稳定性​​,True
loanact_all_cls1_ngrnt2_amount_count,0.3441520741791119,0.0,0.0069052593373591055,0.3316299666404223,​​职业与收入稳定性​​,False
loanact_all_cls1_ngrnt2_open_beyond12m_amount_count,0.2261984745985439,0.0002985181,-0.00476244145150792,0.2840744466719771,​​职业与收入稳定性​​,True
loanact_all_cls1_ngrnt2_open_beyond24m_amount_count,0.2502219963281805,0.0,-0.0274651785970764,0.3065486274571239,​​职业与收入稳定性​​,False
loanact_all_cls1_ngrnt2_open_beyond3m_amount_count,0.27736223959289025,0.0,0.005314757900355084,0.33442819482942543,​​职业与收入稳定性​​,False
loanact_all_cls1_ngrnt2_open_beyond48m_amount_count,0.12215194039195934,0.0,-0.017512385081585254,0.26608272426451374,​​职业与收入稳定性​​,True
loanact_all_cls1_ngrnt2_open_beyond6m_amount_count,0.23607792515002596,0.0066902363,0.004647565836110311,0.3243560706501441,​​职业与收入稳定性​​,False
loanact_all_cls1_open_beyond12m_amount_count,0.1830488958799021,0.0023262047,-0.0046012475218090414,0.28352636998499786,​​职业与收入稳定性​​,True
loanact_all_cls1_open_beyond24m_amount_count,0.2533888711286899,0.0002707312,-0.02791190562669035,0.30516400644864355,​​职业与收入稳定性​​,False
loanact_all_cls1_open_beyond3m_amount_count,0.28527313034981966,0.0010889474,0.004850629512090186,0.3303168973915087,​​职业与收入稳定性​​,False
loanact_all_cls1_open_beyond48m_amount_count,0.11271600325666467,0.0033900782,-0.01523960154403503,0.2460471529947045,​​职业与收入稳定性​​,True
loanact_all_cls1_open_beyond6m_amount_count,0.24084945700354357,0.00048197008,0.0043037614518402715,0.31710486813809924,​​职业与收入稳定性​​,False
loanact_all_grnt11_amount_count,0.1734895344322569,0.0020404593,-0.0033122588398274387,0.23591106961239355,​​职业与收入稳定性​​,True
loanact_all_grnt12_amount_count,0.2619555919272651,0.0,0.0077895447570298405,0.33967405860087674,​​职业与收入稳定性​​,False
loanact_all_grnt2_open_beyond12m_amount_count,0.1783395365792349,0.0,-0.010826739902415639,0.22828913977162055,​​职业与收入稳定性​​,True
loanact_all_grnt2_open_beyond24m_amount_count,0.17531049330495937,0.0,-0.013791683856105108,0.22963083366500367,​​职业与收入稳定性​​,True
loanact_all_grnt2_open_beyond3m_amount_count,0.18955094994307828,0.0,-0.012413230014892635,0.22841912291450003,​​职业与收入稳定性​​,True
loanact_all_grnt2_open_beyond48m_amount_count,0.16146179203013136,0.0,-0.01272606148177899,0.2271538804097408,​​职业与收入稳定性​​,True
loanact_all_grnt2_open_beyond6m_amount_count,0.184664809736841,0.0,-0.01195997411977511,0.2271787833613556,​​职业与收入稳定性​​,True
loanact_all_grnt3_amount_count,0.25821902208860725,0.0,0.008131593764893114,0.33842957365711235,​​职业与收入稳定性​​,False
loanact_all_grnt4_open_beyond12m_amount_count,0.282710180361358,0.0043856604,-0.005766951780982958,0.32244704284959214,​​职业与收入稳定性​​,False
loanact_all_grnt4_open_beyond24m_amount_count,0.34698764986318315,0.0,-0.004397232017833118,0.3108593477641283,​​职业与收入稳定性​​,False
loanact_all_grnt4_open_beyond3m_amount_count,0.2885601978724845,0.00048178606,-0.006031022129059827,0.32721452989578836,​​职业与收入稳定性​​,False
loanact_all_grnt4_open_beyond48m_amount_count,0.34424075805503734,0.0013304232,-0.006844193122219432,0.27584217031956604,​​职业与收入稳定性​​,True
loanact_all_grnt4_open_beyond6m_amount_count,0.38195914197211256,0.00029969527,-0.005527292399267221,0.32706513641439194,​​职业与收入稳定性​​,False
loanact_all_grnt5_amount_count,0.1504864736133045,0.0,-0.0025556630743966435,0.2234716724219402,​​职业与收入稳定性​​,True
loanact_all_grnt6_amount_count,0.2443153676589389,0.0064227553,0.011010080977284063,0.22533373769687498,​​职业与收入稳定性​​,True
loanact_all_nbiztype12_grnt2_amount_count,0.15924236242923337,0.0,-0.007813631156721268,0.22924955759529553,​​职业与收入稳定性​​,True
loanact_all_nbiztype12_grnt2_open_beyond24m_amount_count,0.14344649886066727,0.0,-0.006450376080652627,0.22861428876043452,​​职业与收入稳定性​​,True
loanact_all_nbiztype12_grnt2_open_beyond3m_amount_count,0.1563514695225352,0.0,-0.0074047508708069325,0.23014885359705284,​​职业与收入稳定性​​,True
loanact_all_nbiztype12_grnt2_open_beyond48m_amount_count,0.14412364415103968,0.0,-0.006817566949022731,0.2299782049694217,​​职业与收入稳定性​​,True
loanact_all_nbiztype12_grnt2_open_beyond6m_amount_count,0.15411184835789404,0.0,-0.007182655579177836,0.2292540805613852,​​职业与收入稳定性​​,True
loanact_all_nbiztype12_grnt4_amount_count,0.36057886664413946,0.0,-0.005901116669655308,0.3326516507746757,​​职业与收入稳定性​​,False
loanact_all_nbiztype12_grnt4_open_beyond12m_amount_count,0.28967918309822804,0.0,-0.005757934617557648,0.32215021128193605,​​职业与收入稳定性​​,False
loanact_all_nbiztype12_grnt4_open_beyond24m_amount_count,0.3482622617596239,0.0,-0.004373223638182986,0.3111963159042135,​​职业与收入稳定性​​,False
loanact_all_nbiztype12_grnt4_open_beyond3m_amount_count,0.2892701025740939,0.0,-0.006015866062774498,0.3255325082531064,​​职业与收入稳定性​​,False
loanact_all_nbiztype12_grnt4_open_beyond48m_amount_count,0.3420089254605615,0.0,-0.006814518161575256,0.2715737009332374,​​职业与收入稳定性​​,True
loanact_all_nbiztype12_grnt4_open_beyond6m_amount_count,0.38122166844201605,0.00020590462,-0.00551467004371617,0.3278737566396034,​​职业与收入稳定性​​,False
loanact_all_ncl_rpfq03_open24m_amount_count,0.3801345239034014,0.0,0.013839776296669768,0.3029868302735633,​​职业与收入稳定性​​,False
loanact_all_ngrnt2_amount_count,0.329643188175962,0.0,-0.001512693161071454,0.36241109369052643,​​职业与收入稳定性​​,False
loanact_all_ngrnt2_open_beyond12m_amount_count,0.2810735228181277,0.0,-0.002101678769193878,0.33514779989503407,​​职业与收入稳定性​​,False
loanact_all_ngrnt2_open_beyond24m_amount_count,0.29702682354505683,0.0044229757,-0.0016985199490851983,0.31281210472775667,​​职业与收入稳定性​​,False
loanact_all_ngrnt2_open_beyond3m_amount_count,0.3100853460726983,0.0,-0.0019172863479332413,0.34196868998339003,​​职业与收入稳定性​​,False
loanact_all_ngrnt2_open_beyond48m_amount_count,0.2673641713571188,0.0018462318,-0.004857408956293151,0.28582963488024443,​​职业与收入稳定性​​,True
loanact_all_ngrnt2_open_beyond6m_amount_count,0.34136414582810093,0.0,-0.001621386087172718,0.33663189163137575,​​职业与收入稳定性​​,False
loanact_all_open12m_amount_count,0.3868672677091803,0.0017743838,0.0007489188035437838,0.28409958660608703,​​职业与收入稳定性​​,True
loanact_all_open1m_amount_count,0.22779167737746397,0.0,0.0151407157575289,0.2551710408910549,​​职业与收入稳定性​​,True
loanact_all_open24m_amount_count,0.3566046436305803,0.00026107059,-0.000877053770097727,0.3043279402131489,​​职业与收入稳定性​​,False
loanact_all_open3m_amount_count,0.22230290810814016,0.0,0.0037307938913813464,0.2549510725131154,​​职业与收入稳定性​​,True
loanact_all_open6m_amount_count,0.26469277373683314,0.0,-0.00048505714140152466,0.2623569494171327,​​职业与收入稳定性​​,True
loanact_all_rpfq03_amount_count,0.34309190966067293,0.0,-0.0008932581463394894,0.34682562404615325,​​职业与收入稳定性​​,False
loanact_all_rpfq03_open12m_amount_count,0.3486061530251918,0.0,0.0014504360221541835,0.2833348961120241,​​职业与收入稳定性​​,True
loanact_all_rpfq03_open1m_amount_count,0.23271311330062128,0.001515937,0.016657557645728672,0.25637356177441883,​​职业与收入稳定性​​,True
loanact_all_rpfq03_open24m_amount_count,0.38992608300618586,0.0,-0.00021123486877793008,0.30557449818057336,​​职业与收入稳定性​​,False
loanact_all_rpfq03_open3m_amount_count,0.2294576350029529,0.0,0.004613647612905603,0.25574200590783525,​​职业与收入稳定性​​,True
loanact_all_rpfq03_open48m_amount_count,0.3940698436400636,0.00010411626,0.0022111195954994415,0.304474288626461,​​职业与收入稳定性​​,False
loanact_all_rpfq03_open60m_amount_count,0.3335775231017819,0.0006891459,0.0022003296431469975,0.33854383305869484,​​职业与收入稳定性​​,False
loanact_all_rpfq03_open6m_amount_count,0.2890473409450259,0.00055311236,-0.00024159227681858634,0.2613908412191527,​​职业与收入稳定性​​,True
loanact_all_rpfq06_amount_count,0.15035678177720085,0.0,-0.01319014058649652,0.2236363615082133,​​职业与收入稳定性​​,True
loanact_all_rpfq06_open24m_amount_count,0.15808166598780143,0.0,-0.002706311007466329,0.22719262558315076,​​职业与收入稳定性​​,True
loanact_all_rpfq06_open48m_amount_count,0.16474442111479615,0.0,-0.005535427328646356,0.22589925232272673,​​职业与收入稳定性​​,True
loanact_all_rpfq06_open60m_amount_count,0.14465674803938808,0.0,-0.00790188620506426,0.22563304335947243,​​职业与收入稳定性​​,True
loanact_all_rpfq1_amount_count,0.3435187700730507,0.0,-0.0009352854041523816,0.34560968763172295,​​职业与收入稳定性​​,False
loanact_all_rpfq2_amount_count,0.332043622558709,0.0,-0.0013448569878587108,0.35800326994358533,​​职业与收入稳定性​​,False
loanact_all_rpfq3_amount_count,0.18353636115626448,0.0,-0.0054057010898390274,0.24239663497813224,​​职业与收入稳定性​​,True
loanact_all_rpfq3_open12m_amount_count,0.14954970327657885,0.0,-0.006304954199111819,0.2279252544121825,​​职业与收入稳定性​​,True
loanact_all_rpfq3_open24m_amount_count,0.15944365816662862,0.0,-0.005742902948655642,0.23565357199801998,​​职业与收入稳定性​​,True
loanact_all_rpfq3_open3m_amount_count,0.14345772785835037,0.0,-0.007491328253633307,0.22568259895000237,​​职业与收入稳定性​​,True
loanact_all_rpfq3_open48m_amount_count,0.17503482559519082,0.0,-0.006307785256819497,0.23216111258381314,​​职业与收入稳定性​​,True
loanact_all_rpfq3_open60m_amount_count,0.1823459442095123,0.0,-0.006450337115358381,0.2365895621758141,​​职业与收入稳定性​​,True
loanact_all_rpfq3_open6m_amount_count,0.14856379146679013,0.0,-0.007252428761675102,0.22653675419522606,​​职业与收入稳定性​​,True
loanact_all_rpfq4_amount_count,0.2115023843031346,0.0017170057,-0.0005045389656906832,0.2274586465278905,​​职业与收入稳定性​​,True
loanact_all_rpfq4_open12m_amount_count,0.17266371267700087,0.0,-0.0027488233342710154,0.2220363974672767,​​职业与收入稳定性​​,True
loanact_all_rpfq4_open24m_amount_count,0.14340633608269507,0.0,-0.0031977229819798213,0.22330305032935266,​​职业与收入稳定性​​,True
loanact_all_rpfq4_open3m_amount_count,0.10506013417433374,0.0,0.007274981686875933,0.22209861204988446,​​职业与收入稳定性​​,True
loanact_all_rpfq4_open48m_amount_count,0.1644472591723617,0.0,-0.0035986989831414346,0.22635200433235972,​​职业与收入稳定性​​,True
loanact_all_rpfq4_open60m_amount_count,0.16297438420484509,0.0,-0.004073694210911408,0.22834817847701422,​​职业与收入稳定性​​,True
loanact_all_rpfq4_open6m_amount_count,0.10120203511307554,0.0,0.0017107293445971978,0.2221932267474916,​​职业与收入稳定性​​,True
loanact_all_rpfq5_amount_count,0.19958971919427876,0.0,-0.00046243832666799747,0.22961784198155913,​​职业与收入稳定性​​,True
loanact_all_rpfq99_amount_count,0.19958971919427876,0.0,-0.00046243832666799747,0.22961784198155913,​​职业与收入稳定性​​,True
loanact_all_rpfq99_open12m_amount_count,0.1459818787621453,0.0,-0.005811697969364463,0.22347009290539396,​​职业与收入稳定性​​,True
loanact_all_rpfq99_open1m_amount_count,0.15658523916515865,0.0,-0.0037682551937404684,0.22191747612708315,​​职业与收入稳定性​​,True
loanact_all_rpfq99_open24m_amount_count,0.17978093676059245,0.0,-0.0009019540238198938,0.22374579410939183,​​职业与收入稳定性​​,True
loanact_all_rpfq99_open3m_amount_count,0.1434929444536897,0.0,-0.004364042703922268,0.2255057861961168,​​职业与收入稳定性​​,True
loanact_all_rpfq99_open48m_amount_count,0.19138831293474579,0.0,0.001448132044676968,0.22642190689700425,​​职业与收入稳定性​​,True
loanact_all_rpfq99_open60m_amount_count,0.1978765579016863,0.0,0.0029190246262101923,0.22519967694053494,​​职业与收入稳定性​​,True
loanact_all_rpfq99_open6m_amount_count,0.1424259734761671,0.0,-0.00495191665830741,0.2254253097067927,​​职业与收入稳定性​​,True
loanact_all_type11_act_amount_count,0.23441220875581517,0.0051133013,0.0021600835926460964,0.2820261521495778,​​职业与收入稳定性​​,True
loanact_all_type11_amount_count,0.3916378658704005,0.005605552,-0.008230758028463073,0.3283009861688999,​​职业与收入稳定性​​,False
loanact_all_type12_act_amount_count,0.22368418470980422,0.0,0.0043874551649078315,0.22377312073060618,​​职业与收入稳定性​​,True
loanact_all_type15_act_amount_count,0.12873910654290133,0.0,-0.0026144816756786034,0.22598591730545087,​​职业与收入稳定性​​,True
loanact_all_type15_amount_count,0.1674425532115246,0.0,-0.00876924576652057,0.2400330271824926,​​职业与收入稳定性​​,True
loanact_all_type21_act_amount_count,0.2083223443777913,0.00010809916,-0.0222359187788313,0.3100094647686401,​​职业与收入稳定性​​,False
loanact_all_type21_amount_count,0.2706096130091671,0.0027088202,0.004622247204102375,0.30998185597405215,​​职业与收入稳定性​​,False
loanact_all_type23_amount_count,0.14012867489300512,0.0,-0.02086629962991556,0.225651289789308,​​职业与收入稳定性​​,True
loanact_all_type24_act_amount_count,0.24368428073722825,5.7673005e-05,0.020965182340953913,0.3207960103658909,​​职业与收入稳定性​​,False
loanact_all_type24_amount_count,0.46577015134005467,0.0025714284,0.015646630784643113,0.3202608943447529,​​职业与收入稳定性​​,False
loanact_all_type51_act_amount_count,0.19469994982952027,0.000807266,-0.007837866140305485,0.28310983104410914,​​职业与收入稳定性​​,True
loanact_all_type51_amount_count,0.30077130420690357,0.0003748579,-0.008773520836413631,0.2643140939711631,​​职业与收入稳定性​​,True
loanact_clcy_act_amount_count,0.25949844395453137,0.0,-0.000443577603764361,0.34113854175573144,​​职业与收入稳定性​​,False
loanact_clcy_amount_count,0.23463326279918303,0.0,-0.0059240304501847205,0.3433095261262831,​​职业与收入稳定性​​,False
loanact_clcy_biztype4_amt_lt2k_open_beyond12m_amount_count,0.18378161333563334,0.0,-0.016427644864277023,0.2263677272820291,​​职业与收入稳定性​​,True
loanact_clcy_cl_amount_count,0.21744366437658558,0.0010531507,-0.011711943697331627,0.28832152527724664,​​职业与收入稳定性​​,True
loanact_clcy_cls1_amount_count,0.2596461467193226,0.0,-0.0004366579395589729,0.34112845077202003,​​职业与收入稳定性​​,False
loanact_clcy_cls1_open_beyond12m_amount_count,0.20856566656273157,0.0,-0.006042304732829748,0.2866423393186417,​​职业与收入稳定性​​,True
loanact_clcy_cls1_open_beyond24m_amount_count,0.21690477661976565,0.00017090545,-0.026257858627782397,0.31325549747731063,​​职业与收入稳定性​​,False
loanact_clcy_cls1_open_beyond3m_amount_count,0.303894024816691,0.00039865862,9.785413915114925e-05,0.3359021027027371,​​职业与收入稳定性​​,False
loanact_clcy_cls1_open_beyond6m_amount_count,0.2271185419559722,0.0,0.0005497523971200468,0.31182275010390426,​​职业与收入稳定性​​,False
loanact_clcy_open_beyond12m_amount_count,0.2241913140374339,0.0021812718,-0.008587937154355935,0.3153008668451244,​​职业与收入稳定性​​,False
loanact_clcy_open_beyond24m_amount_count,0.2850371657334052,0.0003231426,-0.02334949922271692,0.3344557468324111,​​职业与收入稳定性​​,False
loanact_clcy_open_beyond3m_amount_count,0.23448954383388518,0.0021443933,-0.0056157428711302,0.34562789662534765,​​职业与收入稳定性​​,False
loanact_clcy_open_beyond6m_amount_count,0.24049711567784068,0.0,-0.005064424423258417,0.3419193312321499,​​职业与收入稳定性​​,False
loanact_cyma_ncl_rpfq03_open24m_amount_count,0.2149064601872005,0.0053214165,0.007658790763355578,0.23290785140628933,​​职业与收入稳定性​​,True
loanact_nclcy_act_amount_count,0.24337589950642444,0.0,0.00977864177921432,0.3239164122010499,​​职业与收入稳定性​​,False
loanact_nclcy_amount_count,0.3046512271268855,0.00036003435,0.0020851489786296766,0.3261511309479228,​​职业与收入稳定性​​,False
loanact_nclcy_amt_gte2k_open_beyond1m_amount_count,0.27058000366121243,0.0014620047,-0.008059274276014973,0.3115853800533123,​​职业与收入稳定性​​,False
loanact_nclcy_amt_gte2k_open_beyond24m_amount_count,0.29662299814216725,0.0011919702,-0.008991849149118936,0.2729805557732207,​​职业与收入稳定性​​,True
loanact_nclcy_amt_gte2w_open_beyond12m_amount_count,0.41533031905514034,0.00017522347,-0.018009855841558984,0.24732852467952907,​​职业与收入稳定性​​,True
loanact_nclcy_amt_gte5w_open_beyond1m_amount_count,0.24867801499816264,0.0,-0.01693521887951153,0.23422171365700883,​​职业与收入稳定性​​,True
loanact_nclcy_amt_gte5w_open_beyond48m_amount_count,0.22067438048231355,0.0,-0.013945830747887803,0.23087236998352234,​​职业与收入稳定性​​,True
loanact_nclcy_amt_lt2k_amount_count,0.3189076328434945,0.006927026,0.013035332989297018,0.27997607063954305,​​职业与收入稳定性​​,True
loanact_nclcy_cls1_amount_count,0.2433383438767516,0.0,0.009915370390428306,0.31883154711891,​​职业与收入稳定性​​,False
loanact_nclcy_cls1_open_beyond12m_amount_count,0.17627657299438246,0.0026443368,0.0063947501435873385,0.22699562209450597,​​职业与收入稳定性​​,True
loanact_nclcy_cls1_open_beyond24m_amount_count,0.1455622118717063,0.0,-0.010205075561202719,0.22492911718370004,​​职业与收入稳定性​​,True
loanact_nclcy_cls1_open_beyond3m_amount_count,0.23902169615134938,6.258266e-05,0.009233450216783706,0.31636849156032754,​​职业与收入稳定性​​,False
loanact_nclcy_cls1_open_beyond48m_amount_count,0.077726073661846,0.0015553661,-0.010436017780231475,0.22455094763802197,​​职业与收入稳定性​​,True
loanact_nclcy_cls1_open_beyond6m_amount_count,0.2129130252086524,0.0,0.009377041040229201,0.2937645316295176,​​职业与收入稳定性​​,True
loanact_nclcy_ncl_rpfq03_open1m_amount_count,0.2709568986997174,0.00029338436,0.025322559828812922,0.25977072563660103,​​职业与收入稳定性​​,True
loanact_nclcy_ncl_rpfq03_open3m_amount_count,0.27900183053723415,0.0,0.00891912082162229,0.2807820543381022,​​职业与收入稳定性​​,True
loanact_nclcy_open_beyond12m_amount_count,0.27468172342531766,0.0013937792,0.0018929042482343523,0.2933914775354156,​​职业与收入稳定性​​,True
loanact_nclcy_open_beyond24m_amount_count,0.2913016797970436,0.0,0.0008569923013682226,0.2866852011275548,​​职业与收入稳定性​​,True
loanact_nclcy_open_beyond3m_amount_count,0.3046794986775842,0.0,0.0018970307141679802,0.307440445358265,​​职业与收入稳定性​​,False
loanact_nclcy_open_beyond48m_amount_count,0.2793021008535941,0.00031805527,-0.004750194544653672,0.2736732973619589,​​职业与收入稳定性​​,True
loanact_nclcy_open_beyond6m_amount_count,0.31106370694718877,0.0058887326,0.0020015089405952093,0.31002558519713824,​​职业与收入稳定性​​,False
loanact_nclcy_rpfq03_amount_count,0.3338756369138627,0.0019295493,0.003612054668014603,0.32874570450525054,​​职业与收入稳定性​​,False
loanact_nclcy_rpfq03_open12m_amount_count,0.2850589399131699,0.0012973583,0.0023986638166559058,0.3142077151551944,​​职业与收入稳定性​​,False
loanact_nclcy_rpfq03_open1m_amount_count,0.2574178128795276,0.0,0.02215485447365099,0.25872567661980717,​​职业与收入稳定性​​,True
loanact_nclcy_rpfq03_open24m_amount_count,0.34198188215388325,0.0,0.004420105618125279,0.32748726917316096,​​职业与收入稳定性​​,False
loanact_nclcy_rpfq03_open3m_amount_count,0.2626659319980312,0.0,0.003895334520354057,0.2762560266793729,​​职业与收入稳定性​​,True
loanact_nclcy_rpfq03_open48m_amount_count,0.3067228147810188,0.00463213,0.010820346372657875,0.28448398582073947,​​职业与收入稳定性​​,True
loanact_nclcy_rpfq03_open60m_amount_count,0.3342237574343514,0.001404096,0.00968549588834896,0.3039865893163628,​​职业与收入稳定性​​,False
loanact_nclcy_rpfq03_open6m_amount_count,0.2620095577741528,0.0029323648,0.002071827236046736,0.28994356107633484,​​职业与收入稳定性​​,True
loanact_nclcy_rpfq06_open12m_amount_count,0.0776011270685524,0.0,-0.004507640196845595,0.22247087900334053,​​职业与收入稳定性​​,True
loanact_nclcy_rpfq06_open24m_amount_count,0.08750046835883615,0.0,0.0038511417821383053,0.2214096077403946,​​职业与收入稳定性​​,True
loanact_nclcy_rpfq06_open48m_amount_count,0.1278432608288662,0.0,-0.0021902199193781827,0.2237597408563841,​​职业与收入稳定性​​,True
loanact_nclcy_rpfq06_open60m_amount_count,0.17273509334761822,0.0,-0.005973471956154442,0.22610193226790182,​​职业与收入稳定性​​,True
loanact_nclcy_rpfq3_amount_count,0.21751353293065892,0.007396953,-0.004269542068057715,0.23151722516603032,​​职业与收入稳定性​​,True
loanact_nclcy_rpfq3_open12m_amount_count,0.1573673920330918,0.0,-0.009134240568348127,0.22920422221219985,​​职业与收入稳定性​​,True
loanact_nclcy_rpfq3_open24m_amount_count,0.1601442001376179,0.0,-0.004694126203772156,0.23321106826011734,​​职业与收入稳定性​​,True
loanact_nclcy_rpfq3_open3m_amount_count,0.13552425287096473,0.0,-0.007435727431325272,0.22693713128744722,​​职业与收入稳定性​​,True
loanact_nclcy_rpfq3_open48m_amount_count,0.1748598385116445,0.0,-0.009341699628136819,0.22832532815996903,​​职业与收入稳定性​​,True
loanact_nclcy_rpfq3_open60m_amount_count,0.20856454462367785,0.0,-0.007135521226416026,0.2267516456184514,​​职业与收入稳定性​​,True
loanact_nclcy_rpfq3_open6m_amount_count,0.14983349606504298,0.0,-0.007971977143366138,0.2309203584912936,​​职业与收入稳定性​​,True
loanact_nclcy_rpfq4_amount_count,0.2119523800754363,0.0,7.59136982196845e-05,0.22864430047885392,​​职业与收入稳定性​​,True
loanact_nclcy_rpfq4_open12m_amount_count,0.06791238679240957,0.0,-0.004997839346729036,0.22312599503307173,​​职业与收入稳定性​​,True
loanact_nclcy_rpfq4_open24m_amount_count,0.14241659780302385,0.0,-0.002333070739215033,0.22244596521149057,​​职业与收入稳定性​​,True
loanact_nclcy_rpfq4_open3m_amount_count,0.051970926900254726,0.0,-0.0030737369222532526,0.22294720727807382,​​职业与收入稳定性​​,True
loanact_nclcy_rpfq4_open48m_amount_count,0.16598872676183868,0.0,-0.0031758192934476432,0.22707719360377115,​​职业与收入稳定性​​,True
loanact_nclcy_rpfq4_open6m_amount_count,0.04804602353253186,0.0,-0.003919162196963945,0.22273119418757836,​​职业与收入稳定性​​,True
loanact_nclcy_rpfq99_amount_count,0.1755327217615361,0.013280382,-0.0026040623337475234,0.22773196522354763,​​职业与收入稳定性​​,True
loanact_nclcy_rpfq99_open12m_amount_count,0.0797440560631025,0.0,-0.0039545134780472535,0.22611658457012845,​​职业与收入稳定性​​,True
loanact_nclcy_rpfq99_open1m_amount_count,0.05751685975956128,0.0,-0.0021730606147193575,0.22315207369624288,​​职业与收入稳定性​​,True
loanact_nclcy_rpfq99_open24m_amount_count,0.13747535954626622,0.007855898,0.030729084045517933,0.2269017675431274,​​职业与收入稳定性​​,True
loanact_nclcy_rpfq99_open3m_amount_count,0.05101850530160412,0.0,-0.003260340236109806,0.22517424744078013,​​职业与收入稳定性​​,True
loanact_nclcy_rpfq99_open48m_amount_count,0.1421602005444843,0.0,0.010012104545800041,0.22423887517785696,​​职业与收入稳定性​​,True
loanact_nclcy_rpfq99_open60m_amount_count,0.1412303224626083,0.0,0.010305083533652453,0.2255890905095463,​​职业与收入稳定性​​,True
loanact_nclcy_rpfq99_open6m_amount_count,0.05016577450373079,0.0,-0.003436858399042468,0.22630552543644436,​​职业与收入稳定性​​,True
loanallcrdrpy13t12macccnt,0.20660107199536926,0.0,-0.0022508513332361113,0.22716903690592982,​​职业与收入稳定性​​,True
loanallcrdrpy13t24macccnt,0.2460565315415299,0.0,-0.003963847688735238,0.23079083602431358,​​职业与收入稳定性​​,True
loanamt_all_act_next24m_amt_sum,0.4748483395413295,0.0013951953,-0.029682864780292625,0.33399456169974184,​​职业与收入稳定性​​,False
loanamt_all_biztype91_grnt4_amt_sum,0.5485128653056415,0.0007209302,-0.033407800830747236,0.246514141327271,​​职业与收入稳定性​​,True
loanbalance_all_biztype91_act_blance_sum,0.45320982654110864,0.0002491097,-0.020599730734900557,0.2550068428951663,​​职业与收入稳定性​​,True
loanbalance_all_biztype91_ncl_grnt4_blance_mean,0.40285594099310296,0.000527254,-0.021831465702997738,0.23292903390968003,​​职业与收入稳定性​​,True
loanbalance_all_biztype91_nm_grnt4_blance_mean,0.40285594099310296,0.0,-0.021831900715357924,0.23292903390968003,​​职业与收入稳定性​​,True
loanbalance_all_grnt4_open_beyond3m_blance_mean,0.43591149555051756,0.0015525784,-0.01956710150732001,0.22842619085413152,​​职业与收入稳定性​​,True
loanbalance_all_nbiztype12_blance_max,0.4483712784069644,0.0010993006,-0.011091862870057452,0.32898451877812585,​​职业与收入稳定性​​,False
loanbalance_all_nbiztype12_blance_mean,0.3457486634504484,0.0036732228,-0.015602016867061402,0.21595927782148505,​​职业与收入稳定性​​,True
loanbalance_all_nbiztype12_blance_min,0.34723126080580663,0.0,-0.00597172307131181,0.24284272238260232,​​职业与收入稳定性​​,True
loanbalance_all_nbiztype12_nm_grnt4_open_beyond3m_blance_sum,0.39315893420530146,0.006316547,-0.0189595204022192,0.2679760042951676,​​职业与收入稳定性​​,True
loanbalance_all_nm_grnt4_open_beyond3m_blance_sum,0.4375357261134316,0.0010116284,-0.019377566673215586,0.2680750548557444,​​职业与收入稳定性​​,True
loanbalance_clcy_nm_blance_mean,0.3953570167532203,0.0029847538,-0.022044587309901213,0.2303374898073512,​​职业与收入稳定性​​,True
